InvoiceID,CustomerID,InvoiceDate,DueDate,InvoiceAmount,InvoiceStatus
1,58,2025-03-27,2025-04-11,733.75,Paid
2,90,2024-06-29,2024-08-13,1835.04,Open
3,72,2025-09-02,2025-11-01,3465.37,Open
4,53,2025-05-24,2025-07-23,4222.33,Paid
5,19,2025-09-17,2025-11-16,2178.91,Paid
6,76,2024-09-06,2024-10-21,960.1,Open
7,2,2024-02-18,2024-04-03,6067.1,Overdue
8,79,2025-12-25,2026-01-09,799.06,Open
9,60,2025-01-10,2025-02-09,2967.7,Paid
10,59,2024-09-26,2024-11-10,1677.38,Paid
11,87,2025-06-11,2025-06-26,6528.1,Paid
12,27,2024-12-14,2025-01-13,969.19,Paid
13,96,2024-11-06,2025-01-05,3128.58,Paid
14,32,2024-08-22,2024-09-21,1647.9,Open
15,117,2024-07-24,2024-08-23,1691.73,Paid
16,18,2025-01-04,2025-02-18,4407.94,Overdue
17,25,2024-01-27,2024-03-27,4316.32,Open
18,66,2025-05-03,2025-06-17,3878.26,Overdue
19,86,2024-07-10,2024-08-09,2563.25,Paid
20,106,2024-07-30,2024-09-13,2812.8,Overdue
21,113,2025-01-09,2025-01-24,2234.14,Paid
22,49,2024-05-13,2024-07-12,5063.81,Overdue
23,96,2025-04-08,2025-04-23,5654.82,Overdue
24,38,2025-08-23,2025-10-07,2637.28,Open
25,12,2024-12-30,2025-02-28,3215.65,Paid
26,40,2025-01-15,2025-02-14,2376.83,Paid
27,32,2024-04-08,2024-05-23,1197.1,Paid
28,114,2024-02-18,2024-03-04,990.97,Paid
29,2,2024-11-27,2025-01-26,2578.43,Paid
30,90,2025-02-28,2025-03-30,1315.35,Overdue
31,104,2024-04-27,2024-06-11,1397.47,Paid
32,77,2025-06-12,2025-06-27,2072.63,Open
33,19,2024-01-29,2024-02-13,3057.14,Overdue
34,3,2024-07-05,2024-08-04,1803.42,Open
35,90,2024-12-26,2025-02-24,789.27,Overdue
36,21,2025-06-28,2025-07-13,1594.37,Paid
37,77,2024-03-12,2024-04-26,5818.37,Paid
38,46,2025-03-01,2025-04-15,2101.71,Open
39,70,2025-11-28,2026-01-27,2591.95,Open
40,119,2024-07-26,2024-09-24,5553.61,Overdue
41,76,2025-01-16,2025-01-31,4213.14,Paid
42,55,2024-07-26,2024-08-25,2039.68,Open
43,19,2024-09-03,2024-09-18,3495.1,Open
44,95,2024-07-15,2024-09-13,2724.98,Open
45,12,2025-11-13,2025-12-28,4752.85,Overdue
46,64,2025-12-06,2026-02-04,9047.31,Paid
47,23,2024-09-29,2024-10-29,3385.57,Paid
48,3,2025-03-11,2025-04-10,2408.94,Paid
49,92,2024-05-01,2024-05-16,4733.88,Paid
50,39,2024-03-05,2024-05-04,4883.69,Overdue
51,95,2025-05-01,2025-05-31,3251.59,Overdue
52,39,2024-11-02,2025-01-01,7521.39,Open
53,45,2024-09-01,2024-10-01,895.73,Overdue
54,103,2025-10-10,2025-11-09,7362.18,Open
55,43,2024-10-06,2024-12-05,5289.28,Open
56,55,2024-04-20,2024-06-04,1856.2,Paid
57,94,2025-02-21,2025-04-22,2402.88,Paid
58,89,2025-09-25,2025-11-09,5456.56,Overdue
59,115,2025-01-04,2025-02-03,2609.27,Overdue
60,50,2025-02-13,2025-03-15,2683.87,Open
61,88,2024-03-28,2024-05-27,1133.39,Paid
62,67,2025-07-26,2025-08-10,2356.53,Paid
63,2,2025-07-15,2025-07-30,722.6,Paid
64,45,2024-03-12,2024-04-11,5572.79,Paid
65,84,2025-06-27,2025-08-11,5288.87,Paid
66,72,2025-01-19,2025-02-03,2721.09,Paid
67,51,2025-02-23,2025-04-09,3914.68,Open
68,52,2024-04-10,2024-05-10,5844.15,Open
69,36,2025-04-08,2025-04-23,4953.46,Paid
70,92,2025-11-03,2025-11-18,566.45,Paid
71,4,2024-12-09,2025-01-08,6258.91,Paid
72,10,2025-06-29,2025-07-14,2733.09,Overdue
73,43,2024-04-26,2024-05-11,602.6,Overdue
74,55,2024-07-01,2024-08-15,2503.11,Paid
75,99,2025-07-25,2025-08-09,909.48,Open
76,27,2025-01-09,2025-01-24,3971.33,Open
77,17,2024-07-06,2024-09-04,3302.79,Paid
78,79,2024-03-18,2024-05-17,1268.12,Paid
79,43,2025-07-14,2025-08-13,1218.6,Open
80,90,2025-06-04,2025-07-19,3595.82,Paid
81,55,2024-06-02,2024-08-01,2415.49,Paid
82,1,2024-03-09,2024-04-23,1166.59,Paid
83,21,2024-07-19,2024-09-02,1549.54,Overdue
84,41,2025-08-04,2025-08-19,2996.57,Paid
85,34,2025-04-08,2025-05-23,3842.71,Open
86,1,2025-03-18,2025-04-02,4180.68,Paid
87,44,2024-06-27,2024-08-26,736.93,Paid
88,30,2024-05-08,2024-07-07,5838.83,Paid
89,103,2025-10-03,2025-11-02,3757.16,Paid
90,27,2025-01-23,2025-03-24,3189.44,Paid
91,102,2025-11-27,2025-12-27,669.54,Paid
92,37,2024-12-23,2025-02-21,2976.2,Paid
93,105,2025-05-27,2025-07-26,1616.99,Overdue
94,66,2024-02-05,2024-03-21,1119.3,Paid
95,54,2025-12-24,2026-02-22,2585.94,Paid
96,76,2025-08-13,2025-09-12,6188.07,Paid
97,2,2024-03-16,2024-04-30,1164.51,Paid
98,62,2025-01-24,2025-03-25,2278.08,Paid
99,104,2025-10-13,2025-10-28,829.44,Open
100,36,2024-08-19,2024-10-03,3726.56,Open
101,118,2025-08-12,2025-09-26,1687.72,Overdue
102,98,2024-03-17,2024-04-01,1353.01,Paid
103,120,2025-02-07,2025-03-24,3107.58,Paid
104,8,2025-09-22,2025-10-22,2512.27,Overdue
105,32,2025-05-10,2025-06-24,1708.49,Paid
106,114,2024-02-10,2024-04-10,4175.55,Paid
107,47,2024-04-22,2024-06-06,625.53,Open
108,1,2025-11-14,2025-11-29,3682.71,Paid
109,23,2025-05-16,2025-06-30,654.57,Paid
110,78,2024-01-24,2024-02-08,2685.86,Paid
111,30,2024-10-15,2024-11-29,2485.02,Open
112,25,2024-03-19,2024-05-18,993.92,Open
113,118,2024-08-31,2024-10-15,4813.29,Paid
114,83,2025-05-05,2025-07-04,1708.33,Paid
115,2,2024-10-06,2024-12-05,221.91,Overdue
116,3,2024-04-06,2024-05-21,1431.14,Overdue
117,84,2025-08-24,2025-09-23,3312.22,Open
118,69,2025-09-17,2025-10-17,1672.42,Paid
119,37,2024-12-28,2025-01-12,5256.29,Paid
120,47,2024-06-19,2024-08-18,3075.79,Open
121,120,2025-07-03,2025-08-17,3360.83,Paid
122,104,2024-11-17,2025-01-16,1925.03,Overdue
123,105,2024-05-17,2024-07-01,5351.27,Paid
124,111,2024-08-09,2024-09-23,1943.75,Paid
125,2,2024-03-09,2024-03-24,2632.67,Overdue
126,79,2025-08-19,2025-09-18,6827.62,Paid
127,37,2025-09-01,2025-10-31,3038.78,Overdue
128,112,2025-02-17,2025-04-03,4213.14,Paid
129,17,2025-07-20,2025-08-04,3244.91,Paid
130,28,2025-06-26,2025-08-10,1933.28,Paid
131,74,2025-05-15,2025-05-30,1870.09,Paid
132,31,2025-06-26,2025-08-10,1369.24,Paid
133,4,2024-01-14,2024-01-29,3541.13,Overdue
134,84,2024-07-15,2024-09-13,3235.02,Overdue
135,116,2025-02-18,2025-03-05,2151.85,Open
136,7,2025-02-10,2025-04-11,1226.04,Paid
137,24,2024-02-09,2024-03-25,4458.37,Paid
138,75,2025-02-24,2025-03-26,5804.86,Paid
139,41,2025-11-01,2025-12-31,553.77,Overdue
140,3,2024-10-23,2024-12-22,6238.9,Paid
141,85,2024-08-21,2024-10-20,9754.47,Overdue
142,100,2024-01-16,2024-03-01,2834.99,Paid
143,52,2024-08-07,2024-10-06,3545.54,Open
144,28,2025-08-30,2025-10-14,3015.85,Paid
145,8,2024-04-18,2024-05-03,6551.53,Overdue
146,24,2025-07-14,2025-09-12,1797.52,Open
147,52,2025-10-28,2025-11-12,2699.68,Paid
148,57,2025-09-02,2025-10-17,5051.18,Paid
149,112,2024-08-05,2024-09-04,1190.71,Overdue
150,90,2025-10-01,2025-10-16,635.52,Paid
151,109,2025-03-19,2025-05-03,2050.84,Paid
152,93,2024-12-11,2024-12-26,6802.71,Open
153,49,2024-02-07,2024-02-22,2505.27,Paid
154,3,2024-02-19,2024-04-04,1185.37,Open
155,49,2024-05-02,2024-06-16,3623.56,Open
156,59,2025-05-29,2025-06-28,2601.24,Open
157,52,2024-05-14,2024-06-28,2889.67,Open
158,118,2024-02-26,2024-04-11,2402.37,Open
159,94,2024-02-19,2024-03-20,2883.58,Paid
160,8,2025-05-20,2025-06-04,5904.83,Paid
161,47,2024-10-27,2024-11-26,163.64,Open
162,64,2025-12-25,2026-02-08,3146.3,Paid
163,24,2024-06-30,2024-08-14,2175.37,Paid
164,59,2024-06-16,2024-07-01,2011.73,Paid
165,118,2025-04-23,2025-05-08,2479.01,Open
166,110,2024-01-26,2024-02-10,1543.61,Open
167,74,2025-01-11,2025-01-26,1514.05,Paid
168,65,2024-05-04,2024-06-18,3588.0,Open
169,71,2024-11-01,2024-11-16,1148.04,Paid
170,40,2025-07-07,2025-08-06,3036.89,Paid
171,43,2024-07-28,2024-08-12,3072.5,Paid
172,87,2025-08-25,2025-09-24,625.28,Overdue
173,19,2025-05-06,2025-06-20,7128.64,Paid
174,79,2024-12-25,2025-01-24,5685.38,Paid
175,47,2025-10-14,2025-12-13,570.06,Paid
176,30,2024-10-24,2024-12-23,1751.37,Open
177,68,2024-12-10,2025-01-24,2534.09,Paid
178,32,2025-01-27,2025-02-11,5076.28,Open
179,66,2025-05-12,2025-07-11,3182.46,Paid
180,57,2025-03-25,2025-05-09,598.09,Overdue
181,23,2025-08-14,2025-08-29,2632.7,Paid
182,70,2025-11-05,2025-12-05,3263.54,Overdue
183,110,2025-09-19,2025-11-03,2961.5,Paid
184,22,2024-11-26,2024-12-11,1226.46,Overdue
185,24,2024-12-18,2025-02-16,3078.97,Paid
186,97,2024-09-12,2024-10-27,4750.7,Overdue
187,81,2024-10-10,2024-11-09,515.53,Open
188,102,2025-04-24,2025-05-24,931.48,Paid
189,93,2025-04-15,2025-05-15,2944.05,Paid
190,74,2025-07-21,2025-09-04,1480.95,Paid
191,54,2024-01-25,2024-02-09,1229.13,Paid
192,85,2024-10-25,2024-12-24,4940.49,Overdue
193,95,2025-07-08,2025-08-07,1359.45,Paid
194,57,2024-02-09,2024-02-24,4043.54,Open
195,112,2025-07-21,2025-09-19,10250.25,Paid
196,41,2025-10-06,2025-10-21,2433.99,Open
197,34,2025-08-02,2025-09-16,2538.69,Paid
198,84,2024-01-11,2024-02-25,7149.81,Overdue
199,73,2024-09-17,2024-10-17,3884.67,Paid
200,46,2024-09-24,2024-11-23,4723.99,Open
201,50,2024-12-31,2025-01-30,2470.73,Paid
202,101,2024-10-14,2024-10-29,3857.64,Paid
203,50,2024-03-06,2024-03-21,3719.43,Overdue
204,86,2024-03-01,2024-04-30,5014.39,Paid
205,24,2025-12-26,2026-01-25,3435.08,Paid
206,81,2025-10-03,2025-10-18,2984.37,Open
207,33,2024-05-31,2024-07-15,1119.8,Overdue
208,15,2024-11-19,2024-12-04,4939.16,Paid
209,114,2025-07-28,2025-09-11,2650.34,Overdue
210,22,2024-05-13,2024-06-27,2652.91,Paid
211,120,2025-04-20,2025-05-05,1905.56,Paid
212,17,2025-03-23,2025-05-22,2091.24,Paid
213,18,2025-02-26,2025-04-12,2283.69,Paid
214,15,2024-10-22,2024-12-21,1898.06,Paid
215,86,2025-03-11,2025-03-26,3100.81,Open
216,74,2024-05-10,2024-06-09,4509.24,Open
217,76,2025-07-04,2025-09-02,2748.07,Paid
218,9,2025-03-21,2025-04-05,5414.27,Paid
219,81,2025-01-23,2025-03-09,1570.01,Overdue
220,55,2024-01-07,2024-02-06,617.09,Open
221,50,2024-05-03,2024-06-02,566.54,Paid
222,39,2025-11-11,2026-01-10,1197.0,Open
223,75,2024-04-17,2024-05-17,1150.44,Overdue
224,6,2024-01-07,2024-03-07,461.78,Open
225,4,2024-03-20,2024-05-19,997.29,Paid
226,23,2025-09-26,2025-10-11,2318.12,Overdue
227,54,2024-11-22,2025-01-06,1397.37,Paid
228,10,2025-09-07,2025-10-07,5254.37,Open
229,93,2025-08-06,2025-09-20,6643.28,Open
230,63,2025-04-22,2025-06-21,3709.54,Open
231,23,2024-08-04,2024-09-18,1647.68,Overdue
232,27,2025-10-01,2025-11-30,1994.64,Paid
233,32,2025-01-11,2025-02-10,1029.17,Overdue
234,111,2025-12-10,2026-02-08,1542.69,Paid
235,96,2025-01-19,2025-02-18,1544.67,Open
236,13,2025-10-16,2025-11-30,2010.77,Overdue
237,60,2024-04-01,2024-05-16,3773.53,Overdue
238,104,2024-08-05,2024-09-04,3683.01,Open
239,83,2025-08-18,2025-10-17,5022.14,Paid
240,31,2024-04-13,2024-06-12,4495.15,Open
241,58,2025-05-12,2025-06-26,1256.33,Paid
242,102,2024-06-02,2024-07-02,1345.9,Paid
243,107,2025-09-05,2025-11-04,4000.02,Overdue
244,92,2025-09-27,2025-11-11,7416.23,Paid
245,120,2025-01-03,2025-03-04,4335.21,Paid
246,61,2025-10-19,2025-12-03,3602.9,Paid
247,112,2024-09-15,2024-10-15,2315.84,Paid
248,114,2024-11-17,2024-12-02,2867.85,Overdue
249,73,2024-07-16,2024-07-31,2651.1,Paid
250,42,2024-03-06,2024-03-21,5575.06,Overdue
251,91,2024-08-08,2024-08-23,861.77,Paid
252,108,2024-10-31,2024-12-30,4153.45,Open
253,42,2025-12-25,2026-02-08,3065.84,Paid
254,10,2024-04-04,2024-05-19,6500.2,Overdue
255,21,2025-04-20,2025-06-19,1888.48,Paid
256,97,2025-02-02,2025-02-17,2958.12,Paid
257,10,2024-05-17,2024-06-16,5333.66,Overdue
258,34,2025-04-04,2025-05-04,3303.83,Open
259,63,2025-09-07,2025-11-06,1777.44,Paid
260,92,2025-02-21,2025-03-23,4119.44,Paid
261,43,2025-06-28,2025-08-12,789.32,Paid
262,33,2024-01-30,2024-02-29,329.05,Open
263,19,2025-05-04,2025-05-19,3054.85,Paid
264,111,2025-05-17,2025-06-01,1725.49,Open
265,118,2025-12-26,2026-02-24,3925.89,Paid
266,62,2025-01-09,2025-01-24,2428.73,Paid
267,73,2024-04-12,2024-05-27,2520.31,Open
268,93,2025-05-18,2025-06-17,3053.94,Open
269,110,2025-01-22,2025-02-06,956.69,Paid
270,4,2025-07-22,2025-09-05,6074.85,Open
271,46,2025-01-21,2025-02-05,3253.57,Overdue
272,43,2025-12-29,2026-01-13,3493.11,Paid
273,89,2025-07-05,2025-08-19,2962.8,Paid
274,4,2024-03-05,2024-04-19,4064.19,Open
275,94,2025-05-15,2025-06-29,1578.91,Paid
276,35,2024-11-21,2024-12-21,7254.82,Paid
277,62,2025-07-15,2025-08-14,4385.48,Paid
278,5,2024-12-23,2025-02-21,1609.21,Open
279,92,2025-03-16,2025-03-31,1880.11,Paid
280,97,2024-03-11,2024-04-10,238.67,Overdue
281,71,2025-06-07,2025-07-07,1238.7,Overdue
282,72,2024-06-28,2024-08-12,2516.63,Paid
283,86,2025-08-27,2025-09-11,6262.21,Open
284,100,2024-08-03,2024-08-18,4478.03,Paid
285,21,2025-12-11,2025-12-26,2187.38,Open
286,69,2025-01-13,2025-01-28,1571.84,Open
287,92,2025-03-07,2025-04-06,7243.43,Open
288,29,2025-08-17,2025-09-16,3904.17,Open
289,82,2025-08-01,2025-08-16,5937.77,Overdue
290,19,2025-02-24,2025-04-25,4599.08,Paid
291,22,2024-04-20,2024-05-20,4038.59,Overdue
292,87,2024-11-01,2024-12-16,3358.81,Overdue
293,91,2025-06-13,2025-07-13,5690.23,Paid
294,101,2024-10-24,2024-12-23,2964.88,Paid
295,90,2025-04-12,2025-05-27,1610.76,Open
296,23,2024-02-29,2024-04-29,1835.52,Paid
297,46,2024-10-22,2024-12-06,3637.17,Paid
298,52,2024-05-06,2024-07-05,1712.6,Paid
299,41,2024-04-06,2024-06-05,2667.71,Paid
300,4,2024-04-16,2024-05-16,2817.83,Open
301,53,2025-11-30,2025-12-15,2171.36,Paid
302,70,2024-04-01,2024-04-16,626.09,Paid
303,88,2024-05-02,2024-05-17,776.34,Overdue
304,79,2025-02-21,2025-03-23,701.97,Paid
305,100,2025-08-02,2025-09-01,7980.74,Overdue
306,49,2024-02-13,2024-03-29,650.77,Overdue
307,59,2025-01-04,2025-01-19,1713.84,Paid
308,33,2024-04-29,2024-06-13,5868.96,Paid
309,80,2025-01-08,2025-01-23,4228.15,Open
310,51,2024-12-05,2025-01-04,3214.91,Open
311,11,2024-11-03,2024-12-18,2118.36,Paid
312,4,2024-04-23,2024-05-08,313.44,Open
313,94,2024-04-08,2024-06-07,3037.97,Overdue
314,11,2024-03-26,2024-04-25,4302.54,Paid
315,12,2024-08-07,2024-08-22,961.94,Overdue
316,62,2025-02-24,2025-03-26,706.34,Open
317,22,2024-10-09,2024-12-08,2147.92,Paid
318,59,2024-10-09,2024-12-08,2168.43,Paid
319,68,2025-10-25,2025-11-24,5444.61,Open
320,1,2024-05-09,2024-07-08,4401.61,Overdue
321,62,2025-03-29,2025-04-28,5412.34,Paid
322,49,2024-02-01,2024-04-01,2100.21,Paid
323,99,2024-06-27,2024-08-26,3330.06,Paid
324,105,2025-03-20,2025-04-04,2375.54,Paid
325,22,2025-02-10,2025-04-11,1166.89,Open
326,56,2025-05-15,2025-06-29,2853.98,Paid
327,90,2025-06-13,2025-07-28,3484.05,Paid
328,13,2024-02-10,2024-03-11,1344.86,Paid
329,88,2024-03-01,2024-04-15,3379.6,Open
330,53,2025-03-19,2025-05-18,3119.75,Overdue
331,28,2024-12-12,2025-02-10,1611.66,Paid
332,79,2025-11-17,2026-01-16,2545.82,Overdue
333,25,2025-11-03,2025-12-18,7986.97,Open
334,80,2025-03-23,2025-04-07,2964.82,Open
335,36,2024-01-17,2024-03-17,3476.96,Paid
336,69,2024-06-14,2024-07-29,1461.32,Overdue
337,85,2024-06-26,2024-08-25,3159.93,Overdue
338,35,2025-12-18,2026-01-02,4810.22,Paid
339,63,2025-07-18,2025-08-17,2179.2,Overdue
340,82,2024-04-08,2024-04-23,615.08,Overdue
341,107,2024-12-26,2025-02-09,1274.87,Paid
342,62,2025-04-02,2025-05-02,5608.33,Paid
343,54,2025-11-17,2026-01-01,2165.07,Paid
344,115,2025-07-11,2025-09-09,932.87,Paid
345,65,2024-07-03,2024-08-02,643.23,Open
346,7,2024-07-31,2024-09-29,919.45,Paid
347,26,2024-06-12,2024-06-27,1676.38,Paid
348,36,2024-10-04,2024-12-03,1570.57,Paid
349,74,2025-10-05,2025-11-04,836.88,Paid
350,41,2024-03-03,2024-03-18,642.08,Paid
351,112,2024-01-29,2024-03-29,3798.39,Open
352,35,2025-07-07,2025-07-22,4417.53,Open
353,21,2025-07-18,2025-09-01,4184.12,Overdue
354,118,2024-10-21,2024-12-05,3128.98,Overdue
355,42,2024-10-25,2024-12-09,1482.68,Paid
356,73,2024-08-26,2024-10-25,2135.07,Paid
357,6,2025-08-12,2025-09-11,2930.88,Paid
358,68,2024-12-30,2025-02-28,5915.28,Paid
359,57,2025-01-25,2025-03-26,1222.06,Paid
360,9,2025-11-05,2025-11-20,2223.06,Paid
361,104,2024-04-03,2024-04-18,1675.86,Paid
362,56,2024-05-08,2024-06-07,3206.74,Paid
363,4,2024-10-26,2024-12-10,3015.91,Paid
364,117,2024-07-15,2024-09-13,5830.55,Paid
365,64,2025-05-02,2025-06-16,2687.26,Open
366,98,2024-10-28,2024-12-12,2672.36,Paid
367,117,2024-11-20,2025-01-04,963.67,Paid
368,66,2025-08-27,2025-09-11,1558.09,Paid
369,7,2024-08-04,2024-08-19,1582.59,Paid
370,64,2024-06-21,2024-08-05,3124.59,Open
371,89,2025-12-07,2026-02-05,3887.83,Open
372,97,2025-10-16,2025-11-30,3401.55,Paid
373,94,2024-11-05,2024-12-05,4701.21,Paid
374,64,2024-05-29,2024-07-13,8785.27,Paid
375,33,2024-01-13,2024-02-12,1423.11,Paid
376,31,2025-09-17,2025-10-17,6702.91,Overdue
377,58,2025-07-29,2025-08-28,3740.08,Open
378,108,2025-04-15,2025-06-14,6667.37,Overdue
379,61,2025-04-03,2025-04-18,1701.95,Paid
380,21,2025-03-31,2025-04-15,1187.92,Paid
381,74,2024-09-02,2024-09-17,3035.2,Paid
382,61,2025-12-13,2026-02-11,706.34,Paid
383,53,2024-03-17,2024-04-16,995.2,Paid
384,106,2024-07-07,2024-07-22,2166.48,Paid
385,40,2024-08-06,2024-08-21,6998.46,Open
386,31,2024-05-22,2024-07-21,1213.32,Open
387,107,2024-02-10,2024-04-10,3877.76,Paid
388,80,2024-09-26,2024-11-25,5680.16,Overdue
389,26,2024-02-26,2024-04-11,990.64,Paid
390,113,2025-03-10,2025-03-25,2731.08,Paid
391,20,2025-10-20,2025-12-19,4235.63,Open
392,7,2025-07-23,2025-08-07,1775.16,Paid
393,75,2025-08-08,2025-09-07,3292.6,Open
394,78,2024-02-08,2024-02-23,1130.37,Open
395,62,2025-07-09,2025-08-23,1323.79,Paid
396,28,2025-09-17,2025-10-02,1371.25,Paid
397,3,2024-03-16,2024-03-31,673.43,Overdue
398,91,2025-04-12,2025-05-27,3069.64,Open
399,37,2024-08-18,2024-09-02,2597.26,Open
400,44,2024-05-12,2024-06-11,1899.7,Overdue
401,115,2024-01-06,2024-02-20,5252.11,Paid
402,96,2024-03-15,2024-04-14,1803.17,Open
403,97,2025-12-09,2026-02-07,2204.46,Paid
404,16,2025-10-04,2025-11-18,2690.29,Open
405,87,2025-09-17,2025-10-02,2912.94,Overdue
406,74,2025-05-05,2025-06-19,9836.27,Open
407,70,2025-06-02,2025-08-01,2105.06,Paid
408,97,2025-08-23,2025-10-22,1997.14,Open
409,43,2025-03-20,2025-04-04,1211.6,Overdue
410,107,2024-07-04,2024-08-18,3603.96,Paid
411,1,2025-08-27,2025-10-11,2696.53,Paid
412,31,2025-03-06,2025-03-21,3133.2,Paid
413,70,2025-03-21,2025-04-05,1435.43,Open
414,62,2024-12-02,2025-01-31,1563.42,Open
415,96,2025-05-25,2025-06-09,2490.89,Overdue
416,28,2025-07-28,2025-09-11,1726.07,Paid
417,5,2024-10-06,2024-11-20,1939.6,Paid
418,100,2025-04-15,2025-04-30,2627.81,Overdue
419,8,2025-07-13,2025-08-12,1513.54,Paid
420,101,2024-05-14,2024-05-29,3585.92,Open
421,81,2025-07-26,2025-09-09,9099.82,Paid
422,68,2025-09-05,2025-10-20,1803.19,Overdue
423,3,2025-05-17,2025-07-01,1031.57,Paid
424,23,2024-07-17,2024-08-16,2547.56,Open
425,88,2024-02-23,2024-03-09,2304.09,Paid
426,90,2025-12-01,2026-01-15,2797.04,Open
427,21,2024-11-23,2025-01-22,1082.37,Overdue
428,74,2024-07-16,2024-09-14,1209.69,Paid
429,109,2025-08-19,2025-09-03,2545.73,Open
430,36,2024-08-08,2024-09-22,1010.72,Paid
431,53,2025-03-18,2025-04-02,2529.83,Paid
432,41,2024-02-29,2024-04-14,1340.67,Overdue
433,118,2024-03-13,2024-04-12,1588.2,Paid
434,108,2024-10-08,2024-11-22,4903.35,Overdue
435,116,2025-07-04,2025-08-18,8575.31,Overdue
436,96,2024-02-06,2024-02-21,1670.14,Paid
437,13,2024-04-05,2024-05-20,2656.94,Paid
438,13,2024-01-06,2024-03-06,1483.34,Paid
439,96,2024-10-23,2024-11-07,2006.63,Open
440,30,2024-09-05,2024-09-20,2940.04,Paid
441,87,2025-11-16,2025-12-01,872.58,Paid
442,43,2025-07-29,2025-08-28,1233.71,Open
443,3,2025-11-04,2025-12-04,5307.06,Open
444,12,2025-04-10,2025-05-10,4087.9,Overdue
445,33,2024-12-04,2025-02-02,4786.05,Paid
446,59,2024-12-02,2025-01-01,1479.24,Open
447,78,2024-07-18,2024-09-16,5722.45,Paid
448,58,2025-08-18,2025-10-17,3711.45,Overdue
449,2,2024-12-27,2025-01-26,1620.92,Paid
450,28,2024-12-30,2025-02-13,4607.37,Paid
451,16,2024-02-28,2024-03-14,3671.44,Paid
452,53,2025-05-24,2025-06-23,4991.78,Open
453,54,2024-09-25,2024-11-09,1156.71,Paid
454,70,2024-04-14,2024-05-14,1835.63,Overdue
455,44,2024-10-06,2024-11-05,2057.38,Paid
456,85,2025-06-27,2025-07-12,3175.04,Overdue
457,106,2025-01-22,2025-02-21,3098.52,Paid
458,109,2025-05-02,2025-05-17,5387.12,Paid
459,84,2025-07-02,2025-07-17,2360.4,Open
460,101,2025-10-06,2025-12-05,3219.95,Open
461,29,2025-07-08,2025-08-22,2653.91,Open
462,35,2025-06-01,2025-07-16,4315.89,Paid
463,4,2025-10-01,2025-11-30,3760.21,Paid
464,19,2024-12-14,2025-02-12,9147.66,Paid
465,40,2024-06-23,2024-07-23,4999.77,Paid
466,72,2025-06-05,2025-07-05,3224.79,Open
467,105,2024-11-12,2024-11-27,4536.31,Open
468,57,2024-12-11,2025-01-25,4355.05,Open
469,11,2024-10-30,2024-12-14,1282.59,Overdue
470,5,2025-09-23,2025-11-22,3088.14,Paid
471,10,2025-10-24,2025-11-08,827.84,Paid
472,39,2024-06-13,2024-08-12,3122.57,Paid
473,63,2024-06-25,2024-08-24,6109.27,Paid
474,87,2025-11-27,2025-12-27,787.85,Paid
475,7,2025-03-05,2025-05-04,1094.55,Overdue
476,84,2024-03-25,2024-04-24,1407.2,Overdue
477,106,2025-08-29,2025-09-13,377.9,Paid
478,119,2024-08-09,2024-08-24,6843.28,Paid
479,89,2024-09-09,2024-10-24,1486.4,Paid
480,116,2024-09-05,2024-11-04,2933.22,Paid
481,27,2025-02-12,2025-03-29,1385.52,Paid
482,44,2024-01-24,2024-03-09,7468.24,Paid
483,37,2024-08-31,2024-09-15,7558.91,Paid
484,85,2025-07-19,2025-08-03,2587.58,Open
485,41,2025-02-17,2025-04-18,5675.4,Paid
486,59,2025-06-18,2025-08-02,4659.25,Paid
487,62,2025-07-12,2025-08-11,4000.36,Paid
488,115,2025-05-07,2025-05-22,1376.83,Paid
489,105,2024-03-12,2024-04-26,2368.35,Overdue
490,100,2025-04-28,2025-06-27,2949.96,Paid
491,26,2025-01-01,2025-01-31,3757.61,Open
492,23,2024-10-17,2024-11-01,5198.96,Paid
493,95,2024-07-05,2024-08-04,2098.8,Open
494,16,2025-12-24,2026-02-22,819.37,Open
495,94,2025-10-14,2025-12-13,1028.31,Paid
496,106,2024-10-23,2024-12-22,2912.56,Paid
497,25,2024-09-13,2024-10-28,3616.8,Paid
498,92,2024-02-21,2024-04-06,1768.01,Open
499,24,2025-12-09,2026-01-08,2551.7,Paid
500,11,2025-01-21,2025-03-22,7154.84,Open
501,51,2024-12-15,2025-02-13,1205.16,Paid
502,109,2024-04-16,2024-06-15,3170.33,Open
503,36,2024-06-12,2024-07-12,2427.07,Open
504,7,2025-05-21,2025-07-05,2256.58,Open
505,83,2025-01-29,2025-02-28,4570.59,Paid
506,50,2024-10-08,2024-12-07,1423.7,Paid
507,72,2025-05-12,2025-07-11,238.54,Overdue
508,77,2025-06-25,2025-07-25,4495.01,Paid
509,1,2024-12-29,2025-01-28,2720.13,Open
510,35,2025-03-27,2025-05-26,3621.95,Paid
511,13,2024-08-19,2024-10-03,4270.42,Paid
512,42,2024-06-16,2024-07-16,954.2,Overdue
513,118,2024-09-07,2024-10-22,663.35,Open
514,80,2024-08-05,2024-09-04,5247.7,Paid
515,110,2024-05-25,2024-06-24,2970.61,Open
516,54,2024-01-17,2024-03-17,5202.4,Paid
517,80,2024-09-06,2024-10-06,2924.28,Open
518,46,2024-06-23,2024-07-23,2004.09,Paid
519,108,2024-04-17,2024-06-16,3449.86,Paid
520,44,2025-12-15,2026-02-13,4545.81,Paid
521,45,2024-09-02,2024-09-17,2636.9,Paid
522,9,2024-05-10,2024-07-09,1514.44,Paid
523,3,2024-10-18,2024-12-02,1617.77,Paid
524,63,2025-08-10,2025-08-25,1428.42,Paid
525,17,2024-11-28,2024-12-28,3213.44,Overdue
526,18,2024-11-30,2025-01-14,2179.24,Paid
527,54,2025-06-18,2025-07-18,4492.63,Paid
528,115,2025-03-03,2025-05-02,2464.92,Paid
529,119,2024-07-22,2024-08-21,1917.27,Overdue
530,80,2025-05-07,2025-07-06,5201.87,Paid
531,94,2025-12-09,2026-01-23,4585.13,Paid
532,3,2025-12-17,2026-01-01,1589.38,Paid
533,106,2025-10-15,2025-12-14,2721.71,Paid
534,38,2025-12-30,2026-02-28,4415.91,Paid
535,71,2025-09-04,2025-10-19,2052.37,Overdue
536,12,2024-02-03,2024-02-18,1950.2,Open
537,93,2024-12-20,2025-01-04,8209.67,Overdue
538,98,2024-09-09,2024-10-24,1133.48,Paid
539,19,2025-05-24,2025-06-08,2461.85,Paid
540,92,2025-08-03,2025-10-02,3483.7,Open
541,99,2024-12-21,2025-01-05,2283.25,Open
542,53,2024-10-15,2024-12-14,4758.73,Paid
543,18,2024-03-22,2024-04-21,3764.11,Paid
544,99,2025-07-04,2025-08-03,3218.97,Overdue
545,20,2025-06-16,2025-07-01,2909.06,Paid
546,118,2025-06-17,2025-08-01,5690.83,Overdue
547,77,2024-07-06,2024-07-21,364.52,Overdue
548,68,2025-05-05,2025-06-04,1667.37,Open
549,72,2025-12-05,2026-01-19,4385.42,Open
550,19,2025-04-12,2025-06-11,3690.23,Paid
551,66,2025-01-02,2025-02-16,6624.37,Paid
552,74,2025-09-22,2025-11-21,2071.21,Overdue
553,17,2025-08-16,2025-08-31,3380.32,Open
554,106,2024-10-17,2024-11-01,2557.5,Paid
555,76,2024-02-03,2024-03-19,1862.64,Overdue
556,102,2025-09-23,2025-11-22,2971.75,Overdue
557,50,2025-04-11,2025-06-10,4462.65,Paid
558,65,2025-12-29,2026-01-28,873.56,Open
559,66,2025-09-25,2025-11-24,3617.48,Paid
560,90,2025-06-01,2025-07-01,2930.28,Paid
561,20,2024-11-14,2025-01-13,3393.14,Paid
562,29,2025-06-18,2025-08-02,2196.71,Paid
563,62,2025-04-03,2025-04-18,5086.71,Paid
564,74,2024-01-27,2024-02-26,2393.11,Open
565,8,2024-02-07,2024-02-22,1764.42,Overdue
566,120,2024-08-30,2024-09-29,2443.34,Overdue
567,115,2025-04-16,2025-05-31,3615.72,Overdue
568,102,2025-09-10,2025-10-10,2167.97,Overdue
569,5,2025-02-28,2025-04-14,1272.99,Paid
570,96,2025-09-01,2025-10-01,5028.64,Open
571,86,2024-12-28,2025-01-12,3304.21,Open
572,117,2025-03-02,2025-04-16,7385.98,Paid
573,76,2025-10-28,2025-12-12,4284.4,Paid
574,32,2024-07-08,2024-08-07,662.51,Open
575,88,2024-05-20,2024-06-04,4665.72,Open
576,96,2025-06-08,2025-07-23,6943.16,Open
577,70,2024-10-29,2024-11-28,2725.71,Overdue
578,80,2025-05-06,2025-07-05,5239.63,Open
579,105,2024-10-13,2024-10-28,4730.95,Paid
580,45,2024-05-12,2024-06-11,3589.35,Paid
581,81,2025-09-17,2025-11-16,1607.35,Paid
582,93,2025-10-10,2025-10-25,521.71,Paid
583,112,2024-06-17,2024-07-02,6614.17,Paid
584,8,2024-09-07,2024-09-22,5682.85,Paid
585,38,2024-12-14,2024-12-29,2189.14,Paid
586,61,2024-02-17,2024-03-18,1376.85,Paid
587,79,2024-07-30,2024-08-29,2677.78,Open
588,107,2025-06-16,2025-08-15,6890.39,Paid
589,114,2025-05-03,2025-07-02,1662.19,Paid
590,53,2024-11-14,2025-01-13,2535.13,Paid
591,63,2024-05-31,2024-06-15,823.06,Paid
592,79,2025-08-08,2025-09-07,2455.95,Paid
593,95,2025-01-25,2025-03-26,2091.18,Paid
594,38,2024-01-04,2024-01-19,1484.87,Paid
595,88,2024-12-29,2025-02-27,2327.28,Paid
596,104,2024-07-11,2024-08-10,3975.24,Paid
597,50,2024-06-15,2024-06-30,5001.34,Paid
598,28,2024-07-27,2024-09-25,2637.83,Open
599,113,2025-04-26,2025-05-11,1538.71,Paid
600,110,2025-12-07,2026-02-05,738.05,Paid
601,70,2024-10-05,2024-12-04,687.76,Overdue
602,72,2024-09-30,2024-11-14,4523.04,Open
603,22,2025-12-30,2026-01-29,1836.68,Open
604,51,2024-01-06,2024-03-06,2868.0,Paid
605,43,2025-08-26,2025-09-10,2153.94,Paid
606,112,2024-01-05,2024-01-20,1322.16,Paid
607,27,2024-08-19,2024-09-18,2374.98,Paid
608,64,2025-10-23,2025-12-07,2738.12,Paid
609,80,2024-12-03,2024-12-18,1110.41,Open
610,57,2024-11-23,2025-01-22,5973.3,Overdue
611,112,2024-07-03,2024-08-02,4673.11,Open
612,31,2024-01-09,2024-02-23,3140.85,Open
613,29,2024-02-01,2024-03-02,1057.85,Paid
614,50,2024-07-25,2024-09-08,2796.51,Paid
615,71,2025-01-12,2025-02-11,1746.21,Paid
616,7,2025-07-02,2025-07-17,2767.47,Paid
617,57,2025-08-07,2025-08-22,4715.85,Paid
618,104,2024-05-13,2024-06-12,3429.93,Paid
619,27,2024-10-06,2024-11-05,4798.09,Paid
620,79,2024-01-05,2024-02-04,1586.23,Overdue
621,23,2024-03-09,2024-03-24,2369.91,Paid
622,44,2024-10-19,2024-12-18,4311.23,Paid
623,14,2025-07-01,2025-08-30,4883.54,Open
624,67,2024-07-01,2024-07-31,5141.13,Open
625,37,2024-04-14,2024-05-29,2092.97,Open
626,62,2024-09-15,2024-10-30,4234.61,Paid
627,105,2025-07-16,2025-08-30,1728.06,Paid
628,69,2024-04-25,2024-06-09,2247.67,Paid
629,105,2025-09-10,2025-10-10,1687.63,Paid
630,31,2025-07-16,2025-07-31,2519.64,Paid
631,91,2025-03-08,2025-04-22,1055.0,Paid
632,88,2025-11-07,2025-12-07,1102.67,Paid
633,118,2024-07-23,2024-08-22,2011.85,Paid
634,62,2025-05-01,2025-05-31,2438.43,Paid
635,108,2025-03-29,2025-05-28,3025.8,Overdue
636,72,2025-06-22,2025-07-22,718.43,Paid
637,110,2024-06-23,2024-08-07,759.19,Paid
638,55,2024-05-06,2024-05-21,6485.12,Paid
639,98,2025-04-12,2025-05-12,3067.95,Paid
640,77,2025-05-18,2025-06-02,947.72,Paid
641,119,2024-03-01,2024-03-31,1351.81,Paid
642,8,2024-12-09,2024-12-24,2308.09,Paid
643,107,2025-05-12,2025-06-11,1092.71,Overdue
644,48,2024-10-02,2024-10-17,3150.35,Paid
645,102,2024-10-29,2024-11-28,4534.36,Paid
646,33,2024-02-10,2024-03-11,2547.12,Open
647,62,2025-10-16,2025-11-30,1720.62,Overdue
648,44,2024-08-20,2024-09-19,3098.49,Open
649,20,2025-05-08,2025-05-23,7143.98,Open
650,30,2025-07-08,2025-08-07,1592.77,Overdue
651,54,2025-11-05,2025-11-20,4467.4,Paid
652,67,2024-07-21,2024-08-20,2576.28,Paid
653,107,2024-01-01,2024-02-15,3352.6,Paid
654,56,2024-05-17,2024-07-16,3901.73,Paid
655,35,2025-06-27,2025-08-26,1517.81,Paid
656,10,2025-10-14,2025-10-29,5330.55,Paid
657,52,2024-09-23,2024-10-23,2049.17,Open
658,28,2025-04-16,2025-06-15,5250.71,Open
659,24,2024-10-12,2024-10-27,2255.32,Paid
660,41,2025-08-14,2025-10-13,2954.64,Paid
661,81,2025-05-24,2025-06-23,5133.92,Open
662,59,2025-07-16,2025-08-30,4658.47,Paid
663,53,2025-09-20,2025-10-05,1642.67,Overdue
664,8,2025-02-10,2025-03-12,4440.15,Overdue
665,24,2025-03-15,2025-04-29,4673.08,Open
666,85,2024-07-04,2024-08-03,3615.67,Overdue
667,14,2024-06-04,2024-08-03,1623.55,Paid
668,93,2024-12-17,2025-02-15,3439.98,Paid
669,28,2024-04-14,2024-05-29,3271.5,Paid
670,19,2025-07-24,2025-08-23,4985.36,Paid
671,99,2024-10-02,2024-12-01,1580.45,Open
672,117,2025-09-18,2025-11-17,2352.99,Overdue
673,106,2025-02-27,2025-04-13,484.5,Paid
674,93,2024-02-17,2024-03-03,2995.24,Paid
675,113,2024-05-06,2024-07-05,668.75,Paid
676,80,2024-05-27,2024-07-11,1472.06,Overdue
677,88,2025-05-06,2025-07-05,4357.59,Paid
678,88,2025-02-28,2025-03-30,2272.44,Paid
679,18,2024-07-13,2024-07-28,2707.31,Paid
680,31,2025-02-13,2025-04-14,3121.36,Overdue
681,24,2024-03-16,2024-05-15,2938.45,Open
682,22,2025-10-10,2025-12-09,1095.5,Overdue
683,93,2024-03-26,2024-04-10,4240.78,Paid
684,91,2025-07-08,2025-08-07,1046.35,Paid
685,4,2025-06-27,2025-07-12,2717.0,Paid
686,21,2024-03-27,2024-05-11,3238.24,Paid
687,58,2025-08-02,2025-09-01,1259.81,Open
688,54,2025-07-03,2025-09-01,1643.36,Paid
689,18,2024-01-09,2024-01-24,2627.26,Overdue
690,85,2024-01-19,2024-03-19,1359.35,Paid
691,79,2025-03-23,2025-04-22,5138.02,Overdue
692,50,2024-09-27,2024-10-12,4869.77,Paid
693,41,2024-08-09,2024-10-08,1595.02,Paid
694,10,2024-12-25,2025-02-08,2485.93,Paid
695,15,2025-03-18,2025-05-02,7906.19,Open
696,77,2025-04-01,2025-05-01,3635.86,Overdue
697,41,2024-03-07,2024-04-06,1408.12,Overdue
698,90,2024-09-11,2024-10-11,1145.86,Paid
699,89,2025-08-21,2025-09-05,4953.62,Open
700,52,2025-10-09,2025-10-24,3389.15,Paid
701,45,2025-12-16,2026-01-30,2385.44,Open
702,59,2024-04-07,2024-06-06,824.5,Paid
703,86,2025-12-17,2026-02-15,814.74,Overdue
704,78,2025-08-15,2025-10-14,1960.41,Paid
705,105,2024-06-02,2024-06-17,3548.83,Open
706,24,2025-03-16,2025-04-15,4719.75,Open
707,79,2025-05-25,2025-06-24,6581.23,Paid
708,52,2024-12-08,2025-01-07,4999.07,Paid
709,92,2025-03-11,2025-03-26,854.31,Overdue
710,95,2025-11-02,2025-12-17,1336.51,Open
711,72,2025-08-14,2025-09-28,817.97,Paid
712,62,2024-03-05,2024-05-04,729.24,Open
713,21,2024-06-01,2024-07-01,1067.49,Paid
714,92,2025-04-02,2025-05-02,4232.95,Open
715,49,2024-08-28,2024-10-12,243.73,Overdue
716,101,2025-06-28,2025-07-28,8041.22,Paid
717,68,2024-06-17,2024-08-16,3001.11,Paid
718,67,2024-01-28,2024-03-28,2202.34,Open
719,36,2024-02-22,2024-03-23,2954.55,Paid
720,21,2025-05-31,2025-06-30,345.91,Open
721,80,2024-05-31,2024-07-30,3078.06,Paid
722,114,2025-07-16,2025-08-15,3972.61,Paid
723,58,2025-11-11,2025-12-11,3988.44,Open
724,7,2024-07-26,2024-08-10,1495.87,Paid
725,22,2024-03-10,2024-04-24,1431.01,Open
726,117,2024-09-08,2024-09-23,3668.76,Paid
727,44,2025-12-05,2026-01-19,2692.26,Open
728,50,2024-08-22,2024-10-06,3245.56,Paid
729,11,2024-11-05,2024-11-20,1209.62,Overdue
730,111,2024-09-11,2024-10-26,915.05,Paid
731,117,2024-02-21,2024-03-22,6502.33,Overdue
732,94,2024-10-22,2024-12-06,2162.6,Paid
733,77,2025-04-09,2025-05-09,518.64,Open
734,76,2024-06-01,2024-07-01,1111.74,Paid
735,112,2025-03-06,2025-05-05,2334.36,Paid
736,80,2024-11-22,2024-12-07,1771.78,Overdue
737,72,2025-08-24,2025-10-08,3017.29,Paid
738,43,2025-10-23,2025-12-22,1726.0,Paid
739,13,2024-12-23,2025-02-06,2456.07,Open
740,59,2024-06-24,2024-07-09,3474.03,Overdue
741,74,2024-10-12,2024-12-11,3312.11,Overdue
742,46,2025-05-13,2025-06-27,2685.64,Paid
743,39,2025-06-05,2025-08-04,3231.3,Open
744,11,2025-12-28,2026-02-26,2898.19,Paid
745,91,2024-01-30,2024-03-30,2673.78,Overdue
746,4,2025-04-23,2025-05-23,2647.41,Paid
747,89,2025-01-30,2025-03-01,3747.09,Paid
748,26,2025-06-26,2025-07-11,1244.62,Paid
749,4,2024-02-06,2024-03-22,4361.02,Paid
750,69,2024-03-30,2024-05-29,2588.8,Open
751,93,2025-07-27,2025-08-26,6450.88,Overdue
752,120,2024-08-05,2024-08-20,3875.94,Paid
753,2,2024-11-01,2024-12-16,940.59,Paid
754,17,2025-05-31,2025-06-30,2337.64,Paid
755,97,2024-06-24,2024-08-23,1342.82,Open
756,28,2025-12-21,2026-02-04,1477.79,Overdue
757,24,2024-02-10,2024-03-26,698.62,Paid
758,50,2024-10-09,2024-10-24,875.16,Overdue
759,67,2024-10-23,2024-11-07,671.82,Paid
760,28,2024-04-05,2024-06-04,5324.86,Paid
761,47,2024-06-01,2024-06-16,1687.89,Paid
762,119,2025-12-31,2026-02-14,1536.62,Open
763,120,2025-03-14,2025-04-28,1680.69,Open
764,114,2025-06-06,2025-07-21,2996.43,Overdue
765,5,2024-02-13,2024-03-29,2279.57,Paid
766,90,2024-08-08,2024-10-07,3695.8,Paid
767,95,2025-05-04,2025-06-03,10580.54,Overdue
768,67,2024-09-10,2024-10-10,5973.67,Paid
769,15,2024-04-07,2024-04-22,1947.63,Paid
770,39,2024-03-29,2024-04-28,1743.51,Open
771,31,2024-07-31,2024-09-29,1175.95,Open
772,65,2024-04-01,2024-04-16,2619.73,Overdue
773,5,2025-12-01,2026-01-30,4065.7,Paid
774,69,2024-04-02,2024-04-17,4895.65,Open
775,68,2024-01-08,2024-02-22,4139.8,Paid
776,55,2024-05-07,2024-07-06,1713.7,Open
777,17,2025-09-14,2025-10-29,627.44,Open
778,67,2024-08-26,2024-09-25,4019.7,Overdue
779,116,2024-05-12,2024-06-11,193.52,Paid
780,108,2025-06-03,2025-08-02,1172.09,Paid
781,34,2025-10-07,2025-11-06,1488.68,Open
782,106,2024-02-26,2024-03-27,5397.58,Paid
783,33,2025-03-09,2025-04-23,4335.4,Paid
784,36,2025-01-13,2025-01-28,4443.18,Paid
785,83,2024-08-06,2024-09-20,3764.13,Overdue
786,70,2024-10-12,2024-11-11,6124.64,Open
787,96,2025-08-16,2025-08-31,591.53,Paid
788,76,2024-04-12,2024-05-27,3544.01,Overdue
789,114,2025-01-07,2025-01-22,1718.37,Paid
790,14,2024-12-02,2024-12-17,682.48,Paid
791,91,2024-10-10,2024-10-25,4267.15,Paid
792,67,2024-12-10,2024-12-25,2887.4,Paid
793,26,2025-03-25,2025-05-09,2073.72,Paid
794,55,2024-06-13,2024-08-12,7234.78,Overdue
795,103,2025-08-26,2025-09-10,4381.22,Paid
796,119,2024-11-02,2024-12-17,1655.01,Overdue
797,18,2025-11-01,2025-11-16,3456.14,Paid
798,87,2025-12-17,2026-01-31,4232.84,Paid
799,12,2025-04-17,2025-06-16,1109.11,Paid
800,53,2024-06-13,2024-07-13,1974.43,Open
801,53,2025-10-03,2025-12-02,734.89,Overdue
802,13,2025-05-08,2025-05-23,2018.97,Overdue
803,27,2025-05-07,2025-07-06,2612.5,Overdue
804,110,2025-10-26,2025-11-25,1599.36,Overdue
805,41,2024-02-14,2024-02-29,349.71,Overdue
806,29,2024-02-16,2024-03-02,5059.33,Paid
807,63,2025-01-13,2025-02-27,4027.36,Paid
808,110,2025-12-21,2026-01-20,1967.22,Paid
809,85,2024-02-25,2024-04-25,5381.99,Open
810,20,2024-08-27,2024-09-26,3089.3,Open
811,68,2024-12-13,2025-02-11,555.34,Paid
812,120,2025-08-16,2025-08-31,3390.68,Paid
813,118,2025-11-21,2025-12-21,1639.36,Paid
814,73,2024-12-03,2025-01-17,6358.97,Paid
815,79,2024-03-03,2024-05-02,1084.45,Paid
816,78,2024-01-16,2024-02-15,5450.76,Paid
817,98,2024-02-06,2024-02-21,5115.28,Paid
818,88,2024-01-12,2024-01-27,6089.58,Open
819,58,2024-07-03,2024-08-17,1242.17,Overdue
820,30,2025-02-21,2025-03-23,1249.31,Paid
821,8,2024-11-23,2024-12-08,2213.9,Paid
822,42,2025-03-06,2025-05-05,1285.32,Paid
823,79,2025-03-03,2025-03-18,751.24,Paid
824,15,2024-04-28,2024-05-13,1612.55,Paid
825,43,2025-10-13,2025-11-27,2983.56,Open
826,72,2024-09-14,2024-10-29,2724.42,Overdue
827,58,2025-03-19,2025-04-03,1748.98,Paid
828,31,2024-07-01,2024-08-15,2149.07,Paid
829,32,2025-06-08,2025-07-08,4312.69,Paid
830,18,2025-09-03,2025-10-03,1053.45,Paid
831,65,2024-07-08,2024-09-06,4843.62,Open
832,108,2025-01-15,2025-02-14,3109.64,Overdue
833,76,2025-08-19,2025-10-18,3700.82,Paid
834,33,2025-02-09,2025-03-26,3249.19,Paid
835,73,2025-11-05,2025-12-05,2215.5,Paid
836,105,2025-05-13,2025-07-12,2523.96,Overdue
837,29,2025-05-09,2025-05-24,5134.59,Paid
838,12,2025-12-28,2026-01-27,2053.42,Open
839,99,2025-02-26,2025-03-28,2558.62,Paid
840,21,2024-05-12,2024-05-27,2304.03,Paid
841,111,2024-09-29,2024-11-28,1902.31,Open
842,6,2025-04-28,2025-05-28,669.45,Paid
843,45,2025-03-17,2025-05-01,920.23,Open
844,56,2024-10-13,2024-11-27,4018.45,Overdue
845,58,2025-04-03,2025-05-18,1446.77,Open
846,101,2024-04-24,2024-06-08,1561.06,Paid
847,52,2024-01-27,2024-03-12,4000.4,Open
848,3,2024-05-13,2024-05-28,6211.09,Overdue
849,37,2025-02-25,2025-03-12,3586.26,Paid
850,30,2025-06-09,2025-07-09,3526.01,Paid
851,19,2025-04-19,2025-06-03,4457.23,Open
852,96,2025-07-13,2025-09-11,4503.27,Overdue
853,35,2024-05-15,2024-05-30,4993.07,Paid
854,108,2025-05-01,2025-06-30,9409.42,Paid
855,8,2024-10-28,2024-11-27,2213.16,Open
856,29,2024-12-21,2025-01-20,6104.43,Paid
857,38,2025-09-05,2025-11-04,7946.38,Open
858,90,2025-01-22,2025-02-21,1467.31,Paid
859,72,2025-11-11,2025-12-26,1974.39,Paid
860,111,2025-04-21,2025-06-05,2520.61,Paid
861,29,2025-10-07,2025-10-22,1822.62,Paid
862,50,2024-12-09,2024-12-24,6074.43,Open
863,65,2025-09-04,2025-10-04,4260.86,Paid
864,54,2024-02-10,2024-04-10,3248.09,Paid
865,112,2024-05-02,2024-07-01,1115.68,Paid
866,8,2025-10-24,2025-12-23,1397.58,Paid
867,59,2025-03-08,2025-05-07,3547.4,Overdue
868,7,2025-03-28,2025-04-27,3691.41,Paid
869,68,2025-05-09,2025-06-08,2754.69,Overdue
870,32,2025-12-16,2026-01-15,320.01,Paid
871,5,2024-05-04,2024-05-19,2921.93,Overdue
872,77,2025-11-27,2026-01-11,12241.01,Overdue
873,5,2024-01-16,2024-01-31,3414.87,Paid
874,81,2024-06-30,2024-08-14,3825.97,Paid
875,92,2024-04-13,2024-04-28,3709.84,Open
876,50,2024-08-05,2024-08-20,1291.46,Open
877,73,2024-03-31,2024-05-15,4732.58,Open
878,86,2024-11-30,2025-01-14,4583.13,Open
879,119,2025-12-12,2025-12-27,1537.25,Open
880,37,2025-02-09,2025-03-11,950.39,Paid
881,5,2024-12-26,2025-02-09,846.83,Overdue
882,34,2025-06-26,2025-07-26,1724.56,Paid
883,85,2025-04-19,2025-05-19,684.28,Paid
884,22,2024-12-09,2025-01-08,492.43,Open
885,5,2024-12-08,2025-01-07,2605.97,Paid
886,4,2024-08-05,2024-08-20,3070.68,Paid
887,5,2024-12-03,2025-01-17,1293.46,Paid
888,30,2024-01-14,2024-03-14,1851.02,Open
889,21,2025-03-23,2025-05-07,927.17,Paid
890,14,2024-06-15,2024-08-14,2520.11,Paid
891,45,2025-08-04,2025-08-19,1469.32,Paid
892,83,2024-10-22,2024-11-06,5475.93,Overdue
893,68,2024-09-27,2024-10-27,2840.24,Paid
894,87,2025-08-12,2025-09-26,2200.42,Overdue
895,11,2024-08-19,2024-09-18,6032.62,Paid
896,48,2024-08-01,2024-08-16,2287.4,Overdue
897,56,2025-02-25,2025-03-12,1551.45,Open
898,65,2024-10-12,2024-12-11,2142.78,Overdue
899,93,2025-07-18,2025-09-01,4640.7,Paid
900,12,2024-09-05,2024-10-05,2272.24,Paid
901,120,2024-04-08,2024-05-23,1595.55,Paid
902,9,2025-04-09,2025-05-09,1123.01,Paid
903,74,2024-10-22,2024-11-21,1563.35,Paid
904,95,2024-02-09,2024-02-24,7118.27,Paid
905,119,2025-05-15,2025-06-29,2131.71,Open
906,26,2024-05-30,2024-07-29,2248.1,Overdue
907,66,2024-01-12,2024-03-12,8392.01,Paid
908,6,2025-10-28,2025-11-12,5929.32,Overdue
909,41,2024-01-27,2024-03-27,3403.34,Open
910,2,2025-10-15,2025-11-14,4996.53,Open
911,112,2024-10-16,2024-10-31,6334.82,Overdue
912,35,2024-06-19,2024-07-04,3280.88,Paid
913,70,2025-03-18,2025-05-17,3004.38,Overdue
914,2,2025-01-30,2025-03-16,7480.06,Paid
915,80,2024-06-23,2024-08-22,5094.59,Paid
916,46,2025-12-22,2026-01-21,1638.0,Open
917,61,2025-11-11,2026-01-10,1194.96,Overdue
918,5,2024-06-27,2024-08-11,851.22,Paid
919,63,2024-11-07,2024-12-22,2655.22,Overdue
920,22,2024-12-16,2024-12-31,5090.19,Paid
921,12,2025-12-22,2026-02-20,3803.01,Overdue
922,40,2024-05-06,2024-06-05,810.26,Open
923,42,2025-04-23,2025-06-22,5081.14,Open
924,53,2024-03-14,2024-05-13,728.77,Overdue
925,36,2024-01-10,2024-02-09,3851.21,Paid
926,10,2024-11-26,2025-01-10,1257.7,Open
927,76,2025-11-21,2025-12-21,6046.81,Open
928,52,2024-12-23,2025-01-07,2055.59,Open
929,101,2025-05-31,2025-06-15,3568.47,Paid
930,108,2025-01-31,2025-04-01,3973.83,Overdue
931,21,2025-09-06,2025-11-05,2117.18,Open
932,74,2024-04-03,2024-05-03,1540.09,Overdue
933,42,2025-01-09,2025-02-23,2827.79,Paid
934,63,2024-09-21,2024-11-05,3306.94,Open
935,99,2025-10-24,2025-12-23,3198.51,Paid
936,1,2024-06-09,2024-07-09,5390.18,Paid
937,112,2025-03-11,2025-03-26,1680.88,Open
938,106,2025-01-09,2025-02-23,5742.52,Overdue
939,112,2025-04-14,2025-05-29,3878.53,Paid
940,20,2024-06-29,2024-08-13,4708.77,Paid
941,40,2024-08-14,2024-08-29,3228.71,Paid
942,90,2024-10-20,2024-11-04,7142.78,Open
943,44,2024-05-25,2024-06-24,1823.98,Overdue
944,118,2025-06-16,2025-07-31,2252.07,Open
945,1,2024-08-18,2024-10-17,3720.98,Overdue
946,55,2024-08-25,2024-09-09,5118.21,Paid
947,87,2024-09-15,2024-09-30,3695.99,Paid
948,12,2024-05-20,2024-06-19,5317.9,Overdue
949,117,2025-09-04,2025-10-19,5265.72,Paid
950,12,2025-05-23,2025-07-22,5102.94,Paid
951,39,2025-08-16,2025-09-30,5005.83,Paid
952,31,2025-01-31,2025-02-15,998.59,Paid
953,56,2025-01-11,2025-02-10,3317.09,Overdue
954,32,2025-03-15,2025-04-14,3637.71,Overdue
955,106,2025-12-07,2026-01-06,5730.44,Overdue
956,113,2025-02-24,2025-03-26,1224.44,Open
957,46,2025-09-10,2025-10-25,12625.48,Paid
958,103,2025-09-24,2025-10-09,2876.15,Paid
959,12,2024-03-07,2024-04-21,4199.54,Open
960,65,2025-08-07,2025-09-06,1418.67,Overdue
961,42,2025-07-10,2025-08-24,2345.59,Paid
962,35,2024-10-23,2024-11-07,3433.32,Open
963,113,2024-07-03,2024-07-18,2042.83,Paid
964,87,2025-09-06,2025-11-05,3143.92,Overdue
965,59,2024-09-13,2024-11-12,2734.33,Paid
966,40,2025-08-27,2025-10-26,3254.27,Open
967,59,2024-05-18,2024-06-17,3183.77,Open
968,42,2024-10-12,2024-12-11,1600.28,Paid
969,63,2025-06-18,2025-08-02,1543.12,Open
970,3,2024-03-18,2024-05-17,603.38,Paid
971,62,2024-10-24,2024-12-08,1865.19,Open
972,99,2025-05-13,2025-05-28,1982.64,Paid
973,81,2024-01-31,2024-03-16,1703.99,Open
974,6,2024-01-04,2024-02-03,1985.77,Overdue
975,77,2024-12-16,2024-12-31,3231.76,Open
976,116,2024-09-24,2024-10-24,470.53,Overdue
977,105,2024-12-04,2025-01-03,2343.77,Paid
978,111,2025-11-23,2025-12-23,1036.71,Paid
979,41,2024-05-16,2024-06-30,2632.0,Open
980,37,2025-01-16,2025-03-17,489.04,Open
981,53,2024-04-17,2024-06-16,1964.6,Paid
982,39,2025-07-31,2025-09-29,3679.32,Paid
983,112,2024-06-16,2024-08-15,6709.69,Paid
984,117,2024-03-07,2024-05-06,5416.23,Overdue
985,42,2025-02-05,2025-04-06,2849.24,Open
986,71,2025-07-08,2025-08-22,6916.28,Paid
987,7,2024-03-24,2024-04-23,2470.2,Paid
988,1,2025-02-02,2025-04-03,2146.79,Paid
989,48,2024-12-23,2025-02-06,4942.63,Open
990,19,2024-10-07,2024-12-06,3090.69,Paid
991,30,2025-11-06,2026-01-05,953.46,Open
992,30,2024-11-19,2025-01-03,376.65,Open
993,9,2024-05-02,2024-07-01,4443.68,Open
994,67,2025-09-13,2025-10-13,1302.61,Overdue
995,35,2025-02-06,2025-04-07,1530.45,Overdue
996,14,2025-11-04,2025-12-19,2721.05,Paid
997,116,2025-03-11,2025-05-10,3468.08,Paid
998,52,2025-05-28,2025-07-27,2810.65,Paid
999,3,2025-03-03,2025-05-02,1374.94,Paid
1000,58,2025-08-21,2025-09-05,1571.33,Open
1001,71,2024-04-05,2024-04-20,1578.36,Open
1002,103,2025-02-02,2025-04-03,3159.04,Paid
1003,16,2024-10-07,2024-11-06,3320.68,Paid
1004,104,2024-10-22,2024-12-06,1531.07,Overdue
1005,11,2024-05-19,2024-07-03,2164.59,Paid
1006,17,2025-03-18,2025-05-17,1604.63,Paid
1007,44,2025-06-18,2025-07-03,1508.42,Paid
1008,8,2024-08-15,2024-08-30,2521.77,Paid
1009,38,2024-12-31,2025-02-14,1776.84,Open
1010,118,2024-10-07,2024-11-06,5904.09,Open
1011,88,2025-07-16,2025-08-30,2857.58,Overdue
1012,32,2025-12-29,2026-02-27,360.38,Paid
1013,83,2025-08-17,2025-10-01,382.8,Open
1014,103,2025-05-13,2025-07-12,6991.16,Paid
1015,2,2025-09-16,2025-10-01,1717.77,Paid
1016,84,2024-01-30,2024-03-15,3226.54,Paid
1017,58,2024-11-28,2025-01-12,1883.37,Open
1018,100,2024-02-22,2024-03-23,5512.73,Open
1019,31,2024-11-25,2025-01-09,4008.54,Paid
1020,3,2025-06-18,2025-08-02,7422.98,Open
1021,98,2025-11-07,2025-12-07,2777.1,Open
1022,95,2025-03-28,2025-04-12,5626.39,Open
1023,61,2024-12-05,2025-02-03,2765.46,Paid
1024,101,2025-09-10,2025-11-09,3071.48,Paid
1025,46,2025-12-02,2026-01-31,4457.23,Overdue
1026,90,2025-08-17,2025-09-16,1875.51,Paid
1027,4,2024-04-12,2024-06-11,4474.69,Paid
1028,68,2025-06-13,2025-08-12,6165.19,Open
1029,71,2025-08-21,2025-09-20,646.2,Overdue
1030,108,2024-02-12,2024-04-12,1966.55,Open
1031,29,2025-10-21,2025-12-05,3903.33,Open
1032,25,2024-10-10,2024-10-25,2277.81,Paid
1033,56,2024-10-07,2024-11-06,2753.43,Paid
1034,20,2024-11-26,2024-12-26,4345.82,Overdue
1035,43,2024-09-06,2024-11-05,4324.11,Paid
1036,63,2025-01-01,2025-03-02,3891.69,Paid
1037,68,2024-05-26,2024-07-25,1083.57,Overdue
1038,103,2024-06-08,2024-06-23,2151.4,Paid
1039,77,2025-06-29,2025-08-28,3796.51,Open
1040,53,2024-07-13,2024-08-27,1385.12,Open
1041,106,2024-12-16,2025-01-15,489.61,Paid
1042,47,2025-11-12,2026-01-11,2490.88,Paid
1043,76,2024-06-13,2024-07-13,509.69,Open
1044,107,2025-10-14,2025-11-28,2823.08,Paid
1045,52,2025-04-07,2025-05-07,1194.32,Paid
1046,98,2025-04-07,2025-04-22,7641.25,Paid
1047,76,2025-06-20,2025-08-04,4308.96,Open
1048,44,2025-07-13,2025-09-11,3514.58,Paid
1049,53,2024-04-16,2024-05-31,3600.91,Open
1050,66,2024-06-04,2024-07-04,2872.0,Open
1051,28,2025-01-22,2025-03-23,1575.05,Paid
1052,88,2024-11-07,2024-12-22,575.72,Overdue
1053,45,2025-06-23,2025-08-07,3770.01,Paid
1054,40,2024-06-13,2024-06-28,2485.2,Open
1055,7,2025-05-03,2025-06-02,3480.02,Paid
1056,103,2024-09-04,2024-09-19,732.86,Paid
1057,86,2025-01-31,2025-03-02,2208.32,Paid
1058,21,2025-05-10,2025-06-24,3434.96,Paid
1059,3,2024-10-28,2024-11-12,3443.11,Overdue
1060,105,2025-04-13,2025-05-28,1122.82,Paid
1061,5,2025-03-03,2025-05-02,1629.76,Overdue
1062,70,2024-03-30,2024-05-29,1736.95,Overdue
1063,11,2024-04-25,2024-05-10,912.22,Paid
1064,99,2024-03-17,2024-04-01,3395.13,Overdue
1065,43,2024-11-14,2025-01-13,2283.8,Paid
1066,56,2024-05-13,2024-06-12,2552.89,Open
1067,115,2025-11-12,2025-11-27,1793.9,Overdue
1068,61,2024-08-11,2024-09-25,6986.95,Paid
1069,10,2024-07-16,2024-08-15,3584.95,Paid
1070,74,2024-01-31,2024-03-31,2930.76,Paid
1071,16,2024-01-28,2024-03-28,3559.47,Paid
1072,5,2025-09-25,2025-11-09,3379.41,Paid
1073,88,2025-11-22,2025-12-07,3430.83,Open
1074,8,2024-06-20,2024-08-04,1131.7,Paid
1075,101,2025-06-23,2025-08-22,548.61,Paid
1076,16,2024-12-31,2025-01-15,1989.25,Open
1077,35,2024-06-15,2024-07-15,2030.06,Open
1078,96,2025-03-05,2025-04-19,2879.92,Paid
1079,38,2025-03-14,2025-04-13,4844.95,Overdue
1080,1,2024-08-25,2024-09-24,3275.82,Overdue
1081,13,2025-02-13,2025-02-28,2173.63,Paid
1082,23,2024-05-20,2024-06-19,6139.42,Paid
1083,68,2024-03-03,2024-04-17,1728.84,Paid
1084,100,2024-12-14,2025-02-12,2107.43,Paid
1085,8,2025-12-24,2026-02-22,3114.69,Paid
1086,13,2025-04-20,2025-05-20,4119.71,Overdue
1087,70,2024-01-22,2024-02-06,2241.0,Paid
1088,118,2024-09-06,2024-11-05,3979.0,Open
1089,33,2024-05-23,2024-06-22,562.72,Open
1090,38,2024-03-05,2024-04-19,6275.66,Paid
1091,105,2025-03-01,2025-03-31,1559.03,Overdue
1092,118,2024-11-04,2025-01-03,5777.84,Overdue
1093,21,2024-08-20,2024-10-19,1848.92,Paid
1094,88,2025-05-02,2025-06-01,5586.56,Overdue
1095,69,2024-11-07,2024-11-22,5033.46,Paid
1096,45,2025-02-27,2025-04-28,1530.48,Paid
1097,48,2024-08-27,2024-10-11,1173.5,Open
1098,54,2024-05-01,2024-05-31,6239.08,Open
1099,43,2025-07-17,2025-08-31,1846.61,Open
1100,99,2024-01-21,2024-02-05,1068.61,Open
1101,18,2024-10-11,2024-10-26,3256.92,Overdue
1102,87,2025-11-22,2025-12-07,1994.26,Overdue
1103,113,2024-05-27,2024-07-26,1802.97,Open
1104,70,2025-11-13,2026-01-12,2750.26,Open
1105,87,2025-12-28,2026-02-26,1785.45,Open
1106,8,2025-10-11,2025-11-10,1578.56,Paid
1107,104,2024-05-20,2024-07-19,4808.76,Overdue
1108,110,2025-07-07,2025-08-21,582.54,Paid
1109,48,2024-05-23,2024-07-22,3249.94,Paid
1110,34,2024-12-28,2025-01-27,1638.12,Overdue
1111,17,2024-09-23,2024-11-22,2725.49,Open
1112,64,2024-06-12,2024-07-12,3892.18,Open
1113,27,2025-01-10,2025-02-24,1746.18,Paid
1114,55,2024-04-03,2024-06-02,3989.37,Paid
1115,9,2024-08-05,2024-09-19,1457.23,Paid
1116,96,2025-10-30,2025-11-29,3979.44,Paid
1117,111,2025-05-18,2025-06-02,1669.1,Paid
1118,2,2025-04-23,2025-06-07,3491.29,Paid
1119,102,2025-07-29,2025-09-27,1970.28,Paid
1120,19,2024-11-12,2024-12-12,2889.29,Open
1121,25,2024-04-15,2024-05-30,898.42,Overdue
1122,23,2025-10-05,2025-12-04,4225.74,Open
1123,35,2024-11-21,2025-01-20,774.44,Overdue
1124,72,2025-10-03,2025-11-17,1811.1,Overdue
1125,24,2024-10-10,2024-11-24,1097.17,Paid
1126,83,2024-08-07,2024-09-06,2058.39,Paid
1127,53,2024-12-27,2025-02-25,4517.72,Paid
1128,106,2024-11-12,2024-12-27,7355.69,Paid
1129,104,2024-11-14,2024-12-29,721.9,Paid
1130,68,2024-06-13,2024-07-13,492.38,Open
1131,33,2025-03-29,2025-04-13,2940.99,Paid
1132,120,2025-11-19,2026-01-18,3426.21,Open
1133,85,2024-04-22,2024-06-06,1254.56,Paid
1134,54,2024-09-05,2024-09-20,1578.15,Open
1135,34,2025-07-03,2025-08-17,4536.75,Paid
1136,119,2025-05-02,2025-05-17,3481.24,Paid
1137,19,2025-05-11,2025-06-25,4127.84,Paid
1138,25,2024-07-19,2024-08-18,7188.01,Open
1139,112,2024-09-04,2024-11-03,1151.23,Paid
1140,78,2024-05-03,2024-05-18,4180.65,Open
1141,13,2025-05-14,2025-06-13,3134.1,Open
1142,31,2025-08-26,2025-10-10,1216.32,Paid
1143,24,2024-04-02,2024-06-01,4233.85,Paid
1144,75,2025-06-27,2025-08-26,2531.69,Open
1145,27,2024-09-13,2024-10-13,1130.11,Open
1146,91,2025-02-17,2025-04-18,7648.51,Paid
1147,88,2025-05-18,2025-07-02,2940.1,Paid
1148,12,2025-07-30,2025-09-28,4633.48,Open
1149,106,2025-09-17,2025-10-17,626.08,Paid
1150,19,2025-07-04,2025-07-19,4954.28,Paid
1151,26,2025-11-11,2025-12-26,3025.83,Overdue
1152,81,2024-09-29,2024-10-14,505.37,Paid
1153,89,2025-01-13,2025-02-12,3304.9,Open
1154,91,2025-09-06,2025-10-21,2870.45,Open
1155,96,2024-03-20,2024-04-04,5309.99,Open
1156,16,2025-09-15,2025-10-15,6051.77,Paid
1157,94,2025-09-25,2025-11-24,3961.37,Open
1158,68,2024-06-22,2024-07-22,7757.08,Overdue
1159,17,2024-01-30,2024-03-30,3030.62,Paid
1160,14,2024-05-14,2024-06-13,3917.27,Paid
1161,24,2024-01-17,2024-02-01,1294.13,Open
1162,72,2024-01-05,2024-01-20,5804.27,Overdue
1163,86,2025-02-15,2025-03-02,2743.15,Open
1164,17,2024-10-27,2024-11-26,3706.59,Paid
1165,118,2024-02-26,2024-04-26,702.2,Open
1166,23,2025-09-07,2025-11-06,6262.28,Open
1167,3,2024-05-19,2024-07-03,5996.7,Overdue
1168,27,2024-02-23,2024-03-09,216.42,Overdue
1169,30,2024-04-08,2024-06-07,997.64,Paid
1170,77,2025-03-17,2025-05-01,1125.6,Paid
1171,29,2024-12-03,2025-01-02,3245.02,Paid
1172,53,2024-01-15,2024-02-14,1270.26,Paid
1173,60,2024-04-25,2024-05-10,3657.47,Paid
1174,75,2025-10-19,2025-12-18,3292.57,Open
1175,3,2024-12-15,2025-01-29,8299.42,Open
1176,107,2024-05-22,2024-06-06,1187.92,Overdue
1177,9,2025-05-23,2025-06-07,2505.94,Paid
1178,53,2024-01-08,2024-01-23,1222.25,Open
1179,99,2025-02-21,2025-04-07,2962.05,Open
1180,58,2025-03-10,2025-04-24,1307.72,Overdue
1181,16,2025-01-10,2025-02-09,2595.76,Paid
1182,27,2025-06-17,2025-07-02,1691.86,Paid
1183,77,2024-07-07,2024-09-05,6540.58,Paid
1184,73,2025-03-16,2025-03-31,3751.55,Open
1185,67,2024-12-06,2024-12-21,3593.05,Overdue
1186,77,2025-09-21,2025-10-06,7238.8,Paid
1187,33,2024-03-29,2024-04-28,1175.8,Paid
1188,44,2025-09-12,2025-11-11,5433.96,Paid
1189,102,2024-06-13,2024-08-12,3993.06,Open
1190,91,2025-02-28,2025-04-14,2365.45,Overdue
1191,10,2024-04-15,2024-05-30,1685.84,Paid
1192,22,2025-08-20,2025-10-04,2318.27,Paid
1193,12,2024-09-10,2024-10-25,1048.56,Overdue
1194,100,2025-08-02,2025-08-17,613.35,Paid
1195,15,2025-10-13,2025-11-12,1537.94,Open
1196,14,2024-11-11,2024-12-26,7801.24,Overdue
1197,94,2025-09-05,2025-10-05,3373.48,Paid
1198,80,2024-05-11,2024-07-10,2838.45,Paid
1199,28,2025-05-05,2025-06-04,616.52,Paid
1200,21,2024-06-14,2024-07-14,1178.24,Paid
1201,106,2025-07-01,2025-08-15,8605.67,Paid
1202,65,2024-12-20,2025-01-19,5320.84,Overdue
1203,61,2024-05-15,2024-06-14,1408.34,Overdue
1204,72,2024-01-29,2024-02-13,2740.49,Paid
1205,113,2025-10-12,2025-11-11,2471.51,Paid
1206,74,2024-09-23,2024-11-07,2468.62,Overdue
1207,25,2025-09-06,2025-11-05,3599.2,Open
1208,49,2025-03-08,2025-04-07,6216.98,Paid
1209,65,2024-08-16,2024-10-15,3568.22,Overdue
1210,75,2024-05-02,2024-05-17,3741.83,Overdue
1211,82,2024-09-03,2024-11-02,3448.62,Overdue
1212,97,2025-03-24,2025-04-08,201.8,Paid
1213,3,2025-12-31,2026-03-01,1580.76,Paid
1214,86,2025-09-04,2025-11-03,1951.04,Open
1215,86,2025-10-15,2025-12-14,4385.71,Open
1216,100,2025-09-15,2025-11-14,2984.6,Open
1217,70,2025-04-05,2025-05-05,3427.06,Paid
1218,75,2024-04-26,2024-05-11,3410.87,Paid
1219,30,2025-03-18,2025-05-02,3466.18,Paid
1220,52,2024-05-06,2024-07-05,5070.82,Overdue
1221,67,2024-01-08,2024-01-23,9033.82,Paid
1222,4,2025-04-18,2025-06-17,4507.72,Open
1223,91,2025-03-30,2025-04-14,2865.61,Paid
1224,62,2024-04-09,2024-06-08,1659.11,Paid
1225,12,2025-08-17,2025-09-01,2407.97,Open
1226,71,2024-02-17,2024-04-02,1421.59,Paid
1227,68,2024-07-07,2024-07-22,2380.97,Paid
1228,9,2025-10-21,2025-12-20,1730.16,Overdue
1229,64,2024-01-06,2024-02-05,2633.38,Open
1230,5,2024-07-30,2024-09-28,1030.99,Paid
1231,78,2024-08-17,2024-10-01,2886.71,Open
1232,104,2025-12-02,2026-01-31,4859.34,Open
1233,86,2024-06-21,2024-08-20,2922.07,Open
1234,7,2024-09-03,2024-10-03,881.49,Overdue
1235,10,2025-10-04,2025-10-19,1876.92,Open
1236,5,2025-04-04,2025-05-19,2232.59,Paid
1237,87,2024-12-11,2025-02-09,1528.01,Paid
1238,42,2024-05-22,2024-07-21,927.03,Open
1239,95,2025-01-30,2025-03-31,4737.84,Open
1240,1,2025-08-24,2025-10-08,372.3,Paid
1241,43,2025-06-30,2025-07-30,2101.93,Open
1242,58,2025-10-25,2025-12-24,179.86,Open
1243,47,2024-02-20,2024-03-06,6347.65,Paid
1244,80,2024-12-10,2024-12-25,3960.22,Open
1245,44,2025-04-19,2025-06-03,3578.64,Paid
1246,8,2025-02-24,2025-03-26,1764.44,Overdue
1247,24,2025-08-12,2025-08-27,2289.72,Paid
1248,49,2024-02-29,2024-04-14,2019.51,Open
1249,35,2025-09-03,2025-10-18,2680.7,Paid
1250,83,2024-08-06,2024-10-05,2691.49,Overdue
1251,74,2024-02-27,2024-03-28,3587.48,Paid
1252,59,2024-10-21,2024-12-05,1766.78,Paid
1253,51,2024-01-24,2024-03-09,3446.05,Open
1254,95,2025-10-02,2025-11-16,3533.44,Open
1255,5,2025-12-23,2026-01-22,5578.2,Paid
1256,109,2024-12-04,2025-01-03,3369.22,Open
1257,110,2024-12-29,2025-01-13,1394.09,Overdue
1258,23,2024-01-25,2024-02-09,5842.54,Paid
1259,60,2024-09-10,2024-09-25,1033.77,Paid
1260,69,2025-08-31,2025-10-15,1022.79,Paid
1261,62,2024-03-06,2024-03-21,3093.85,Open
1262,58,2024-08-23,2024-10-07,5361.16,Paid
1263,50,2024-11-14,2024-11-29,1646.08,Paid
1264,56,2025-01-02,2025-02-16,3941.59,Paid
1265,104,2024-10-28,2024-12-12,4354.08,Paid
1266,94,2024-01-02,2024-02-16,7284.88,Paid
1267,40,2025-10-06,2025-12-05,768.58,Paid
1268,7,2024-04-16,2024-05-01,4780.44,Paid
1269,40,2024-06-07,2024-07-22,1303.1,Open
1270,119,2025-12-04,2026-01-18,1322.13,Paid
1271,113,2025-03-18,2025-05-02,2492.29,Paid
1272,71,2024-11-18,2024-12-03,2533.21,Overdue
1273,4,2024-06-22,2024-08-21,2688.97,Overdue
1274,47,2025-11-20,2025-12-05,5500.9,Paid
1275,23,2025-09-04,2025-10-04,3355.0,Paid
1276,6,2025-07-25,2025-09-23,1714.61,Open
1277,92,2025-02-18,2025-04-19,1439.32,Paid
1278,112,2025-10-18,2025-11-17,706.28,Open
1279,90,2025-08-27,2025-09-26,7473.35,Open
1280,93,2024-03-28,2024-05-27,756.96,Paid
1281,95,2025-03-14,2025-03-29,2769.83,Open
1282,78,2025-08-03,2025-08-18,5748.57,Overdue
1283,4,2025-06-06,2025-07-21,5298.15,Open
1284,86,2025-07-10,2025-08-09,2414.95,Paid
1285,25,2024-08-10,2024-08-25,4795.0,Overdue
1286,76,2024-10-07,2024-12-06,3924.25,Open
1287,7,2025-05-31,2025-06-30,2008.71,Paid
1288,29,2024-05-04,2024-06-03,1849.59,Paid
1289,74,2024-08-02,2024-08-17,2005.91,Open
1290,82,2025-06-13,2025-06-28,4264.36,Paid
1291,116,2025-10-28,2025-11-27,4249.67,Overdue
1292,69,2024-06-29,2024-08-13,3719.23,Paid
1293,110,2025-03-21,2025-04-20,2945.53,Paid
1294,56,2025-05-11,2025-07-10,2435.26,Paid
1295,117,2025-01-31,2025-03-17,3408.16,Paid
1296,117,2024-12-26,2025-02-09,2639.42,Paid
1297,12,2025-08-31,2025-10-30,779.07,Paid
1298,5,2025-04-23,2025-06-22,1811.15,Open
1299,12,2025-06-22,2025-08-06,813.46,Overdue
1300,77,2025-06-14,2025-06-29,5762.1,Overdue
1301,90,2025-06-13,2025-08-12,1558.28,Overdue
1302,78,2025-09-19,2025-11-18,742.28,Paid
1303,13,2024-11-08,2024-12-23,1045.05,Open
1304,58,2024-09-25,2024-10-10,4770.66,Paid
1305,50,2024-11-29,2024-12-14,1694.92,Overdue
1306,1,2025-06-06,2025-08-05,1724.28,Overdue
1307,41,2025-09-19,2025-11-03,3421.47,Paid
1308,85,2025-11-15,2026-01-14,8825.74,Open
1309,57,2024-05-23,2024-07-22,2615.62,Overdue
1310,92,2024-02-20,2024-03-21,2378.9,Paid
1311,54,2025-05-08,2025-07-07,3249.33,Overdue
1312,2,2024-11-09,2024-11-24,4326.24,Paid
1313,27,2025-04-03,2025-04-18,1917.4,Paid
1314,56,2024-06-20,2024-07-05,3705.04,Open
1315,111,2025-09-19,2025-11-18,2003.52,Paid
1316,47,2025-01-23,2025-03-24,2028.42,Overdue
1317,107,2025-11-21,2026-01-05,4930.61,Open
1318,89,2025-06-05,2025-07-20,2764.26,Paid
1319,29,2025-09-06,2025-10-21,7274.42,Overdue
1320,33,2024-12-26,2025-01-10,1686.82,Paid
1321,24,2025-05-02,2025-06-01,3196.44,Paid
1322,93,2025-01-22,2025-03-08,3292.06,Paid
1323,19,2024-03-25,2024-04-09,3829.12,Open
1324,89,2025-01-28,2025-03-29,2730.58,Paid
1325,14,2025-12-16,2026-02-14,2945.06,Overdue
1326,32,2025-11-11,2025-12-26,4787.32,Open
1327,59,2025-04-22,2025-06-21,1512.39,Paid
1328,90,2024-07-23,2024-09-21,2493.88,Paid
1329,20,2025-02-09,2025-04-10,3011.16,Paid
1330,85,2025-04-28,2025-05-13,2626.99,Open
1331,33,2025-02-25,2025-04-26,4924.81,Open
1332,48,2025-08-22,2025-10-06,2998.22,Paid
1333,68,2025-12-01,2025-12-31,1728.58,Paid
1334,115,2024-05-07,2024-06-21,3609.39,Paid
1335,69,2025-03-29,2025-05-13,1834.26,Paid
1336,94,2025-09-18,2025-11-17,2751.81,Paid
1337,102,2024-12-16,2025-01-30,4267.75,Open
1338,100,2024-05-13,2024-06-27,2390.31,Paid
1339,41,2024-11-02,2024-11-17,1530.91,Open
1340,13,2025-03-05,2025-04-19,3633.73,Overdue
1341,97,2025-03-16,2025-04-30,1208.59,Paid
1342,106,2024-04-05,2024-04-20,2292.4,Paid
1343,80,2024-07-07,2024-07-22,1696.3,Overdue
1344,13,2025-09-24,2025-11-23,3225.72,Open
1345,98,2025-12-26,2026-02-24,5500.18,Paid
1346,46,2024-07-10,2024-07-25,1885.92,Paid
1347,38,2024-08-27,2024-09-26,3121.33,Overdue
1348,116,2025-05-02,2025-05-17,2560.85,Open
1349,119,2024-04-25,2024-05-10,3019.51,Open
1350,93,2024-10-20,2024-11-04,2631.24,Paid
1351,53,2024-06-15,2024-08-14,3959.7,Overdue
1352,64,2024-09-24,2024-10-24,1740.53,Paid
1353,36,2025-06-18,2025-08-02,1448.88,Open
1354,46,2024-03-06,2024-03-21,1475.72,Paid
1355,89,2024-12-13,2024-12-28,521.4,Overdue
1356,7,2024-04-16,2024-06-15,977.79,Paid
1357,65,2024-01-08,2024-01-23,2343.42,Paid
1358,59,2025-07-16,2025-07-31,2064.58,Paid
1359,4,2024-05-07,2024-05-22,3199.79,Open
1360,27,2025-04-14,2025-05-14,1328.86,Open
1361,20,2025-08-15,2025-08-30,2933.11,Overdue
1362,85,2025-09-27,2025-10-27,5648.3,Overdue
1363,35,2024-11-03,2025-01-02,3081.28,Paid
1364,112,2025-08-18,2025-10-02,2197.65,Overdue
1365,28,2024-08-28,2024-09-12,2320.39,Paid
1366,63,2025-04-02,2025-04-17,2992.91,Paid
1367,71,2024-06-22,2024-08-21,988.1,Open
1368,103,2024-09-04,2024-11-03,2891.96,Paid
1369,45,2024-01-06,2024-02-20,3937.0,Open
1370,17,2024-11-05,2024-12-05,4311.21,Open
1371,119,2024-07-10,2024-08-24,944.98,Paid
1372,69,2025-01-05,2025-02-04,2370.16,Open
1373,50,2024-01-22,2024-03-07,3397.98,Overdue
1374,107,2024-10-14,2024-11-28,3379.77,Overdue
1375,81,2024-07-20,2024-08-04,1745.35,Paid
1376,93,2024-05-06,2024-05-21,5339.76,Open
1377,47,2025-02-26,2025-04-27,767.15,Overdue
1378,33,2025-07-22,2025-09-20,3124.59,Open
1379,103,2025-11-23,2025-12-23,4438.69,Paid
1380,110,2025-03-24,2025-05-08,826.68,Paid
1381,62,2024-05-06,2024-07-05,5698.54,Paid
1382,70,2025-07-14,2025-08-28,2139.03,Paid
1383,39,2024-04-07,2024-06-06,2048.73,Paid
1384,27,2024-05-23,2024-07-22,1219.17,Open
1385,74,2024-08-14,2024-09-13,5954.9,Overdue
1386,94,2025-06-14,2025-07-29,2062.69,Open
1387,73,2025-03-18,2025-04-02,4287.21,Paid
1388,42,2024-05-15,2024-06-14,2860.5,Paid
1389,61,2025-12-22,2026-01-21,1707.18,Open
1390,43,2024-03-26,2024-05-25,1763.27,Open
1391,32,2024-01-02,2024-02-16,2160.95,Open
1392,4,2024-10-16,2024-11-30,3527.99,Overdue
1393,112,2024-08-20,2024-09-19,2240.87,Paid
1394,70,2024-01-17,2024-03-17,4805.54,Paid
1395,37,2024-05-01,2024-06-30,2821.16,Open
1396,69,2024-07-01,2024-07-31,2188.85,Paid
1397,11,2025-08-29,2025-10-13,3800.55,Overdue
1398,48,2025-12-04,2026-02-02,3851.75,Open
1399,111,2024-06-13,2024-07-28,6281.46,Paid
1400,20,2024-07-03,2024-09-01,4147.78,Paid
1401,120,2024-03-07,2024-03-22,1389.07,Overdue
1402,85,2024-11-26,2024-12-26,1709.68,Overdue
1403,21,2025-06-29,2025-07-14,4025.89,Paid
1404,93,2025-06-12,2025-07-12,3770.75,Paid
1405,42,2025-12-16,2026-02-14,5919.71,Overdue
1406,14,2024-04-02,2024-04-17,4067.86,Open
1407,94,2024-03-12,2024-05-11,6802.87,Paid
1408,112,2025-08-27,2025-09-11,1265.19,Paid
1409,75,2024-07-07,2024-07-22,3778.3,Open
1410,96,2024-01-29,2024-02-28,1503.66,Paid
1411,100,2024-11-21,2024-12-06,749.32,Paid
1412,77,2025-11-14,2025-12-29,2441.12,Paid
1413,82,2025-03-09,2025-04-08,4663.86,Paid
1414,52,2024-08-09,2024-10-08,2496.46,Paid
1415,2,2024-08-24,2024-09-08,2163.1,Open
1416,6,2025-06-30,2025-08-29,2049.94,Open
1417,40,2024-03-31,2024-05-30,4691.85,Open
1418,78,2024-11-18,2024-12-18,3505.45,Paid
1419,77,2025-03-05,2025-04-19,4503.82,Paid
1420,22,2024-06-19,2024-07-04,4188.78,Paid
1421,115,2024-05-15,2024-07-14,2030.32,Paid
1422,36,2025-06-28,2025-08-27,1460.19,Paid
1423,87,2024-10-13,2024-11-27,1937.73,Open
1424,75,2025-10-04,2025-11-03,4570.3,Overdue
1425,51,2024-08-04,2024-10-03,2136.13,Paid
1426,36,2024-11-20,2024-12-05,931.97,Paid
1427,95,2025-01-17,2025-03-03,1703.32,Paid
1428,53,2025-05-22,2025-07-06,1662.69,Overdue
1429,98,2024-09-21,2024-10-06,1509.97,Paid
1430,47,2024-06-06,2024-06-21,7572.68,Paid
1431,100,2025-01-15,2025-03-16,1666.84,Paid
1432,41,2024-10-03,2024-12-02,3295.58,Paid
1433,43,2025-09-26,2025-10-11,1959.63,Overdue
1434,5,2025-11-09,2026-01-08,1098.57,Overdue
1435,25,2024-04-22,2024-05-07,3600.63,Paid
1436,34,2024-04-04,2024-05-04,6085.87,Paid
1437,92,2025-04-22,2025-05-22,13087.42,Paid
1438,17,2025-07-03,2025-08-17,1077.59,Overdue
1439,18,2025-02-23,2025-04-24,7692.2,Paid
1440,16,2024-07-22,2024-09-05,1457.73,Paid
1441,55,2024-05-09,2024-05-24,392.25,Open
1442,69,2025-07-01,2025-07-31,2650.59,Paid
1443,67,2024-05-30,2024-07-29,6717.07,Open
1444,114,2024-07-03,2024-08-17,3290.47,Paid
1445,50,2025-06-12,2025-07-12,855.86,Paid
1446,86,2025-03-31,2025-04-15,3793.42,Open
1447,67,2025-12-09,2026-01-08,1829.39,Paid
1448,105,2024-11-15,2024-12-30,3886.79,Open
1449,101,2025-07-07,2025-09-05,1219.38,Open
1450,25,2025-07-18,2025-09-01,2966.97,Open
1451,84,2025-04-07,2025-04-22,2462.82,Paid
1452,101,2024-05-03,2024-07-02,1705.35,Open
1453,15,2024-06-21,2024-08-20,8624.83,Paid
1454,5,2025-01-07,2025-03-08,808.9,Open
1455,120,2024-07-31,2024-09-29,1449.89,Overdue
1456,9,2024-12-21,2025-01-05,2167.57,Overdue
1457,57,2024-02-03,2024-03-19,6569.05,Paid
1458,22,2025-11-26,2026-01-10,4289.79,Paid
1459,88,2024-08-01,2024-09-30,1416.38,Overdue
1460,24,2024-12-26,2025-02-24,4682.43,Paid
1461,86,2024-11-28,2024-12-28,2978.71,Open
1462,108,2025-06-25,2025-07-10,4201.0,Overdue
1463,120,2024-03-07,2024-05-06,4044.46,Open
1464,90,2025-01-29,2025-02-28,5848.43,Paid
1465,38,2024-12-25,2025-01-09,650.82,Paid
1466,86,2024-02-15,2024-04-15,3009.85,Paid
1467,50,2024-03-05,2024-05-04,1192.68,Paid
1468,49,2024-08-05,2024-10-04,3067.64,Paid
1469,27,2025-02-15,2025-03-02,4307.05,Overdue
1470,93,2025-08-11,2025-08-26,4195.7,Open
1471,101,2024-01-20,2024-02-19,5142.99,Paid
1472,56,2025-05-25,2025-07-24,3726.94,Paid
1473,97,2024-05-23,2024-07-07,892.39,Open
1474,43,2025-06-21,2025-08-20,2120.6,Paid
1475,36,2025-12-07,2025-12-22,2012.11,Open
1476,87,2024-11-17,2025-01-01,2497.58,Overdue
1477,69,2024-09-03,2024-10-03,1806.09,Paid
1478,114,2025-06-30,2025-08-14,2252.64,Open
1479,79,2024-08-09,2024-09-23,4187.5,Paid
1480,21,2024-09-17,2024-10-17,2906.35,Overdue
1481,76,2025-07-26,2025-09-24,3409.15,Paid
1482,41,2024-09-02,2024-11-01,4843.69,Open
1483,63,2025-11-05,2025-12-05,4211.65,Paid
1484,65,2025-07-24,2025-09-22,2324.95,Paid
1485,79,2024-12-03,2025-01-17,1645.07,Paid
1486,116,2025-06-26,2025-08-25,5382.61,Overdue
1487,98,2025-02-17,2025-03-04,1822.59,Overdue
1488,105,2025-11-22,2026-01-21,1579.1,Paid
1489,46,2025-11-27,2025-12-12,1106.45,Paid
1490,25,2025-10-18,2025-11-17,1379.9,Paid
1491,6,2025-05-31,2025-07-15,4162.38,Open
1492,10,2024-07-10,2024-08-09,1043.79,Paid
1493,52,2024-11-13,2024-11-28,617.25,Open
1494,17,2024-06-06,2024-08-05,6854.25,Paid
1495,94,2025-10-14,2025-11-13,4796.6,Paid
1496,100,2024-04-29,2024-06-13,2133.33,Overdue
1497,56,2024-08-10,2024-10-09,2777.89,Paid
1498,37,2024-09-30,2024-10-30,3079.35,Paid
1499,12,2024-06-21,2024-08-05,3550.82,Paid
1500,84,2024-04-07,2024-05-22,1792.37,Open
1501,118,2024-11-19,2025-01-03,2494.76,Paid
1502,6,2024-01-10,2024-02-24,5144.12,Overdue
1503,96,2025-03-05,2025-04-19,3645.35,Open
1504,8,2024-07-07,2024-09-05,1844.61,Paid
1505,22,2025-06-07,2025-07-22,2153.76,Paid
1506,24,2024-10-06,2024-11-20,518.25,Open
1507,115,2025-12-20,2026-02-03,4760.44,Open
1508,77,2025-10-11,2025-12-10,1534.27,Paid
1509,118,2025-12-20,2026-01-04,2302.36,Paid
1510,62,2024-02-03,2024-03-04,3568.39,Overdue
1511,82,2024-11-29,2025-01-13,2040.16,Open
1512,115,2024-10-13,2024-12-12,1233.13,Open
1513,6,2024-11-06,2024-11-21,4749.72,Paid
1514,9,2025-09-20,2025-11-19,2431.0,Paid
1515,76,2025-09-23,2025-11-22,1092.93,Paid
1516,90,2025-12-22,2026-02-20,2327.64,Paid
1517,47,2025-12-06,2026-02-04,4629.81,Overdue
1518,120,2025-07-20,2025-08-19,2095.83,Overdue
1519,61,2025-08-22,2025-09-06,4125.38,Paid
1520,30,2025-06-28,2025-08-12,1997.79,Paid
1521,98,2024-10-04,2024-10-19,1218.8,Overdue
1522,28,2025-06-05,2025-08-04,1235.72,Paid
1523,101,2025-04-29,2025-06-13,3573.97,Paid
1524,26,2025-07-30,2025-08-14,114.91,Paid
1525,117,2024-02-03,2024-03-04,4279.23,Open
1526,89,2024-07-10,2024-09-08,504.52,Overdue
1527,98,2025-09-28,2025-10-28,2681.18,Paid
1528,49,2024-02-03,2024-04-03,3716.17,Paid
1529,79,2025-05-02,2025-06-16,3216.25,Paid
1530,39,2025-05-09,2025-07-08,538.08,Overdue
1531,108,2024-12-02,2025-01-01,2590.19,Open
1532,50,2025-07-16,2025-07-31,5286.65,Paid
1533,44,2024-05-18,2024-06-17,3119.78,Paid
1534,104,2024-05-18,2024-07-17,2615.14,Open
1535,66,2024-04-07,2024-06-06,701.06,Paid
1536,118,2024-08-04,2024-09-03,1023.57,Paid
1537,11,2024-10-03,2024-12-02,514.92,Open
1538,51,2024-02-03,2024-04-03,4515.45,Paid
1539,48,2025-08-31,2025-10-15,2901.13,Overdue
1540,15,2025-02-06,2025-03-23,8728.52,Overdue
1541,68,2024-01-31,2024-03-16,2987.95,Paid
1542,45,2024-09-08,2024-10-08,1109.19,Paid
1543,53,2025-12-12,2026-02-10,2441.36,Overdue
1544,10,2025-11-27,2026-01-26,1326.01,Overdue
1545,68,2025-11-28,2025-12-28,4185.55,Paid
1546,1,2025-05-28,2025-06-12,2117.95,Paid
1547,6,2025-10-31,2025-11-30,1079.8,Open
1548,89,2024-10-14,2024-11-28,4611.43,Paid
1549,64,2025-12-18,2026-02-01,862.86,Paid
1550,117,2024-05-15,2024-05-30,1121.13,Paid
1551,5,2025-02-08,2025-03-10,2481.52,Paid
1552,60,2024-10-29,2024-11-13,3297.35,Open
1553,24,2024-11-05,2024-12-20,5232.6,Open
1554,17,2025-10-26,2025-12-10,4725.43,Open
1555,72,2025-08-08,2025-10-07,6280.42,Overdue
1556,44,2025-08-27,2025-10-26,3823.12,Overdue
1557,85,2024-08-30,2024-10-29,760.91,Overdue
1558,101,2025-02-12,2025-04-13,2248.88,Open
1559,54,2024-11-17,2024-12-17,5366.7,Open
1560,120,2024-03-04,2024-05-03,727.84,Open
1561,16,2025-10-31,2025-12-15,1921.26,Open
1562,38,2025-06-21,2025-08-20,856.91,Paid
1563,113,2025-07-09,2025-08-23,1638.38,Paid
1564,59,2025-11-05,2025-12-20,4119.04,Paid
1565,81,2025-09-27,2025-11-11,3575.37,Paid
1566,114,2025-05-19,2025-07-03,3337.79,Paid
1567,52,2024-09-20,2024-11-19,2882.55,Paid
1568,31,2024-01-28,2024-02-12,2049.69,Paid
1569,108,2025-01-14,2025-02-13,1472.31,Paid
1570,7,2024-03-23,2024-05-22,4893.65,Paid
1571,16,2024-09-17,2024-11-16,3998.78,Overdue
1572,76,2024-03-11,2024-04-25,1048.21,Paid
1573,38,2024-09-23,2024-10-08,631.23,Paid
1574,116,2024-10-23,2024-12-22,3594.07,Overdue
1575,33,2025-03-26,2025-05-10,7783.19,Open
1576,109,2024-01-28,2024-02-12,4863.57,Paid
1577,43,2025-10-18,2025-12-02,1267.55,Paid
1578,27,2024-01-22,2024-03-07,1729.96,Paid
1579,96,2024-08-25,2024-10-09,3381.33,Paid
1580,62,2025-09-20,2025-11-19,4080.55,Paid
1581,11,2025-01-31,2025-03-02,3181.66,Paid
1582,89,2024-02-16,2024-04-01,1398.51,Paid
1583,36,2025-07-28,2025-08-12,1777.68,Open
1584,118,2024-05-14,2024-06-13,2657.66,Paid
1585,102,2025-08-27,2025-09-11,1108.69,Paid
1586,27,2025-12-29,2026-01-28,2846.46,Open
1587,18,2025-05-12,2025-05-27,257.93,Paid
1588,106,2025-01-08,2025-01-23,8132.15,Overdue
1589,86,2024-02-19,2024-04-19,1591.03,Open
1590,12,2024-02-07,2024-03-23,2965.49,Open
1591,40,2024-09-14,2024-10-29,1566.42,Paid
1592,46,2025-09-18,2025-11-02,801.63,Paid
1593,83,2024-11-14,2024-12-29,3216.01,Paid
1594,10,2024-07-13,2024-09-11,1767.97,Overdue
1595,46,2024-07-25,2024-08-24,1311.52,Open
1596,78,2025-09-02,2025-10-02,1241.69,Paid
1597,93,2024-06-03,2024-08-02,3559.23,Open
1598,53,2025-06-23,2025-08-22,4990.21,Overdue
1599,56,2024-08-07,2024-09-06,2385.11,Paid
1600,106,2025-07-22,2025-09-05,4401.12,Paid
1601,35,2025-12-09,2026-01-23,1589.13,Paid
1602,25,2025-01-15,2025-03-01,2493.6,Paid
1603,1,2024-06-22,2024-07-07,3090.92,Overdue
1604,58,2025-09-25,2025-11-24,452.97,Paid
1605,78,2025-03-22,2025-05-21,5847.4,Paid
1606,20,2025-11-27,2025-12-12,1114.77,Paid
1607,14,2024-10-20,2024-11-19,3269.28,Paid
1608,18,2025-03-03,2025-04-17,1375.61,Overdue
1609,118,2025-06-24,2025-08-08,552.24,Paid
1610,114,2024-11-29,2024-12-29,315.15,Open
1611,18,2024-04-02,2024-06-01,5272.29,Open
1612,47,2025-12-27,2026-01-26,2147.69,Open
1613,103,2025-06-21,2025-08-05,3701.73,Overdue
1614,7,2024-01-04,2024-02-03,3996.11,Paid
1615,72,2025-09-13,2025-10-28,1336.76,Paid
1616,84,2024-07-18,2024-08-17,2780.46,Open
1617,56,2025-07-04,2025-09-02,5205.31,Open
1618,120,2025-11-15,2025-11-30,3159.83,Overdue
1619,68,2025-08-11,2025-10-10,1044.91,Paid
1620,94,2025-01-13,2025-03-14,884.58,Paid
1621,14,2024-08-05,2024-10-04,5315.29,Paid
1622,34,2024-03-29,2024-04-28,7425.66,Paid
1623,33,2025-08-06,2025-08-21,4409.14,Paid
1624,52,2025-03-17,2025-04-01,3409.75,Open
1625,117,2025-09-24,2025-11-23,3213.66,Paid
1626,56,2025-09-17,2025-11-16,5590.84,Overdue
1627,39,2024-09-02,2024-11-01,1867.52,Paid
1628,62,2024-01-13,2024-01-28,4178.39,Open
1629,87,2024-03-12,2024-05-11,1009.34,Open
1630,25,2024-12-22,2025-02-05,3138.21,Paid
1631,12,2025-05-02,2025-07-01,3416.15,Overdue
1632,116,2025-12-08,2026-01-22,1706.96,Paid
1633,24,2024-09-21,2024-10-21,1691.78,Paid
1634,41,2024-06-24,2024-07-24,1871.11,Paid
1635,15,2025-10-23,2025-12-07,1009.66,Paid
1636,28,2025-05-09,2025-06-23,4455.6,Overdue
1637,59,2025-06-25,2025-08-24,449.6,Overdue
1638,23,2025-04-12,2025-06-11,3153.19,Open
1639,101,2025-04-08,2025-04-23,1496.31,Paid
1640,52,2024-02-07,2024-04-07,2875.7,Open
1641,24,2024-05-19,2024-07-03,3331.27,Open
1642,57,2024-09-21,2024-10-06,5813.75,Open
1643,52,2025-12-05,2026-02-03,2023.23,Open
1644,108,2025-05-30,2025-07-29,5777.76,Paid
1645,21,2024-07-17,2024-08-31,947.94,Paid
1646,105,2025-12-17,2026-01-01,4724.16,Overdue
1647,74,2024-05-24,2024-07-23,2409.6,Open
1648,88,2025-10-14,2025-11-13,5041.0,Overdue
1649,7,2024-08-22,2024-10-21,5347.44,Open
1650,112,2025-05-04,2025-07-03,2291.77,Overdue
1651,72,2025-01-17,2025-03-18,2851.81,Paid
1652,95,2024-02-05,2024-04-05,590.05,Paid
1653,54,2024-07-06,2024-08-20,3310.28,Open
1654,60,2025-04-24,2025-05-09,3774.7,Overdue
1655,6,2024-12-24,2025-01-08,5918.88,Paid
1656,8,2024-04-04,2024-04-19,4382.24,Paid
1657,56,2025-04-22,2025-05-07,1197.54,Open
1658,85,2025-10-07,2025-10-22,3289.47,Paid
1659,18,2025-03-29,2025-04-13,1316.38,Overdue
1660,25,2024-06-02,2024-06-17,3006.92,Overdue
1661,80,2024-02-06,2024-04-06,4415.15,Overdue
1662,47,2024-11-21,2024-12-06,977.11,Paid
1663,99,2024-09-09,2024-10-24,1682.4,Overdue
1664,80,2025-12-20,2026-01-04,2106.53,Open
1665,69,2024-05-11,2024-06-25,1025.94,Overdue
1666,70,2024-01-11,2024-02-10,7323.66,Paid
1667,46,2025-07-23,2025-09-21,2987.83,Paid
1668,24,2024-12-11,2024-12-26,1219.87,Paid
1669,80,2024-04-04,2024-05-04,4853.94,Paid
1670,82,2025-07-27,2025-09-10,4584.32,Open
1671,116,2025-01-02,2025-01-17,3688.11,Paid
1672,39,2025-03-20,2025-04-04,341.33,Paid
1673,8,2024-01-24,2024-02-08,3418.44,Paid
1674,120,2024-02-19,2024-04-04,5668.81,Paid
1675,21,2025-12-07,2026-02-05,1108.67,Open
1676,18,2025-03-30,2025-05-14,2177.17,Open
1677,83,2024-02-29,2024-04-29,4010.54,Paid
1678,109,2025-11-14,2025-12-14,1381.89,Overdue
1679,118,2025-08-18,2025-10-17,6069.19,Open
1680,76,2024-07-07,2024-08-06,1795.92,Paid
1681,64,2024-05-06,2024-05-21,5195.09,Paid
1682,119,2025-06-01,2025-07-31,6797.22,Overdue
1683,54,2025-12-26,2026-02-24,1938.82,Open
1684,11,2025-04-13,2025-05-13,3902.0,Paid
1685,41,2025-05-28,2025-06-12,899.51,Overdue
1686,85,2024-08-26,2024-09-25,1680.93,Open
1687,90,2025-02-12,2025-04-13,7782.83,Paid
1688,78,2024-05-10,2024-06-09,2587.44,Paid
1689,104,2025-07-27,2025-08-26,2927.59,Overdue
1690,49,2024-08-02,2024-10-01,7073.03,Paid
1691,103,2024-07-31,2024-08-15,1969.1,Paid
1692,48,2024-05-11,2024-06-25,3130.44,Overdue
1693,99,2024-07-16,2024-07-31,2306.67,Paid
1694,54,2024-05-04,2024-06-03,1125.95,Open
1695,63,2024-03-08,2024-04-22,2826.26,Paid
1696,108,2024-02-25,2024-04-25,1560.0,Paid
1697,34,2024-12-26,2025-02-24,4013.39,Paid
1698,73,2024-12-09,2025-01-23,3716.82,Overdue
1699,57,2025-07-18,2025-09-16,174.24,Paid
1700,56,2025-07-09,2025-08-08,1286.02,Open
1701,25,2024-05-25,2024-07-09,2975.2,Open
1702,43,2025-10-31,2025-12-30,4616.24,Paid
1703,37,2024-10-19,2024-12-18,4118.93,Open
1704,6,2024-11-02,2024-11-17,1028.69,Paid
1705,95,2025-11-24,2026-01-08,1440.92,Paid
1706,79,2025-04-26,2025-05-26,1581.51,Paid
1707,35,2025-09-19,2025-10-04,1494.95,Open
1708,9,2024-12-27,2025-02-25,938.78,Paid
1709,47,2024-05-08,2024-07-07,960.55,Open
1710,63,2024-11-03,2024-12-03,3443.28,Open
1711,96,2025-01-21,2025-03-22,1801.18,Paid
1712,41,2025-03-14,2025-03-29,5595.45,Paid
1713,31,2025-03-26,2025-05-10,1644.15,Paid
1714,3,2024-09-23,2024-11-07,2440.34,Overdue
1715,33,2024-02-09,2024-03-10,6431.64,Overdue
1716,15,2025-12-14,2025-12-29,3565.28,Overdue
1717,62,2025-11-01,2025-12-01,3692.28,Paid
1718,47,2024-05-24,2024-06-23,2829.74,Paid
1719,10,2025-11-24,2025-12-24,1025.32,Overdue
1720,59,2024-09-30,2024-11-29,2667.03,Paid
1721,60,2024-07-15,2024-08-29,2146.2,Open
1722,44,2024-09-18,2024-11-02,408.53,Open
1723,67,2025-03-11,2025-04-10,8400.55,Paid
1724,103,2024-07-19,2024-08-18,2447.43,Paid
1725,31,2025-10-15,2025-11-29,6536.23,Overdue
1726,103,2025-09-29,2025-11-13,1116.77,Paid
1727,41,2025-02-15,2025-04-16,3284.43,Paid
1728,5,2024-11-23,2024-12-23,4206.98,Overdue
1729,9,2025-06-04,2025-06-19,1645.69,Paid
1730,84,2025-03-22,2025-04-06,1738.97,Paid
1731,72,2025-11-22,2025-12-22,3335.07,Paid
1732,59,2025-05-09,2025-07-08,3775.53,Paid
1733,32,2024-09-23,2024-11-07,1999.35,Paid
1734,91,2024-09-06,2024-10-21,5302.94,Paid
1735,16,2025-07-23,2025-09-06,1690.92,Paid
1736,50,2024-06-19,2024-08-18,3089.15,Paid
1737,55,2025-12-18,2026-01-17,4858.45,Paid
1738,86,2024-12-26,2025-01-25,1949.33,Overdue
1739,92,2025-10-24,2025-11-08,3097.65,Paid
1740,31,2024-11-11,2024-12-11,2689.99,Overdue
1741,4,2024-01-25,2024-02-24,3891.88,Paid
1742,29,2024-12-13,2025-02-11,5372.64,Paid
1743,6,2024-12-09,2025-01-23,2540.81,Paid
1744,14,2024-12-21,2025-02-19,744.49,Paid
1745,111,2024-12-14,2025-01-13,3411.8,Open
1746,83,2024-05-06,2024-06-20,1329.7,Paid
1747,85,2024-09-27,2024-10-12,1784.59,Paid
1748,101,2024-05-09,2024-05-24,8544.99,Paid
1749,2,2025-10-09,2025-11-23,832.01,Paid
1750,112,2024-11-24,2024-12-09,1539.32,Open
1751,74,2025-09-25,2025-10-25,6023.8,Paid
1752,106,2025-05-14,2025-05-29,1927.27,Paid
1753,97,2024-08-05,2024-10-04,3181.54,Paid
1754,35,2025-07-20,2025-08-19,2186.48,Overdue
1755,93,2024-06-14,2024-07-14,2330.28,Open
1756,31,2024-09-15,2024-10-30,2288.58,Overdue
1757,67,2025-03-07,2025-04-21,2490.9,Paid
1758,96,2025-06-19,2025-08-18,3049.82,Paid
1759,53,2024-05-10,2024-07-09,4456.26,Open
1760,83,2025-11-10,2025-12-25,1017.06,Overdue
1761,53,2024-07-07,2024-08-06,3782.72,Paid
1762,108,2025-04-23,2025-06-22,3855.49,Paid
1763,89,2025-09-23,2025-11-07,5790.43,Open
1764,2,2024-04-20,2024-06-19,1607.86,Open
1765,112,2025-05-10,2025-05-25,4008.74,Overdue
1766,27,2025-03-18,2025-05-17,2357.74,Paid
1767,45,2024-04-05,2024-05-05,1728.5,Paid
1768,78,2025-12-02,2025-12-17,3541.96,Overdue
1769,98,2025-08-27,2025-09-26,5295.31,Open
1770,58,2024-10-21,2024-12-20,9325.49,Open
1771,82,2025-06-21,2025-08-20,4461.26,Overdue
1772,57,2024-02-29,2024-03-15,4661.83,Paid
1773,43,2025-09-11,2025-09-26,1565.5,Paid
1774,89,2024-02-16,2024-03-02,869.66,Overdue
1775,78,2025-08-30,2025-10-14,2868.27,Overdue
1776,66,2025-03-23,2025-04-07,1782.48,Paid
1777,96,2024-06-05,2024-07-20,963.05,Paid
1778,41,2025-05-29,2025-06-13,3033.4,Open
1779,40,2024-10-26,2024-12-10,1572.6,Open
1780,95,2024-02-21,2024-03-22,4711.57,Paid
1781,56,2024-05-06,2024-06-20,1366.31,Overdue
1782,88,2024-03-07,2024-05-06,3533.3,Open
1783,9,2025-11-28,2025-12-28,1461.15,Paid
1784,81,2024-06-16,2024-08-15,6605.1,Overdue
1785,78,2024-08-07,2024-08-22,1401.47,Open
1786,115,2024-07-18,2024-09-01,986.24,Open
1787,61,2024-08-30,2024-09-14,612.57,Overdue
1788,77,2024-11-10,2024-12-10,1080.98,Paid
1789,106,2024-07-13,2024-08-27,1174.72,Paid
1790,7,2025-11-27,2025-12-12,1994.84,Paid
1791,51,2024-03-18,2024-04-17,3102.38,Overdue
1792,66,2024-11-01,2024-11-16,1399.77,Paid
1793,31,2024-12-29,2025-02-27,4351.71,Open
1794,39,2025-01-23,2025-02-07,2889.14,Overdue
1795,106,2024-12-03,2025-02-01,5791.22,Overdue
1796,103,2024-01-27,2024-03-27,5617.15,Open
1797,7,2025-11-09,2025-12-24,6784.99,Paid
1798,108,2024-07-15,2024-07-30,3177.29,Paid
1799,39,2025-01-04,2025-03-05,1885.47,Open
1800,51,2024-09-09,2024-09-24,3044.55,Open
1801,38,2025-06-06,2025-08-05,5057.67,Paid
1802,71,2025-07-17,2025-08-16,332.42,Open
1803,109,2025-07-27,2025-08-11,2605.56,Open
1804,108,2024-07-08,2024-08-22,5433.93,Paid
1805,31,2024-04-16,2024-06-15,3781.38,Paid
1806,79,2024-11-11,2024-12-11,2253.44,Paid
1807,117,2025-08-31,2025-10-30,1499.98,Open
1808,86,2025-04-22,2025-05-22,883.3,Paid
1809,100,2024-10-30,2024-12-29,4259.75,Paid
1810,91,2025-06-02,2025-06-17,4716.15,Paid
1811,75,2025-02-04,2025-03-06,2510.05,Paid
1812,7,2025-05-09,2025-05-24,3593.72,Paid
1813,109,2024-09-03,2024-10-03,1605.28,Paid
1814,103,2024-03-20,2024-05-04,2205.48,Paid
1815,111,2024-03-21,2024-05-05,6343.01,Paid
1816,70,2024-09-17,2024-11-01,2459.46,Paid
1817,2,2024-08-02,2024-08-17,5874.02,Paid
1818,117,2025-05-22,2025-06-06,2810.0,Paid
1819,96,2025-12-12,2025-12-27,3140.15,Paid
1820,90,2025-01-05,2025-01-20,2348.56,Open
1821,74,2025-06-10,2025-07-25,2955.25,Paid
1822,23,2025-12-23,2026-01-07,9527.48,Open
1823,106,2025-11-05,2026-01-04,2402.44,Open
1824,58,2025-08-03,2025-09-02,3735.11,Paid
1825,83,2025-11-03,2025-12-03,4069.91,Paid
1826,58,2025-03-17,2025-05-01,12885.38,Open
1827,105,2024-10-31,2024-11-15,543.18,Paid
1828,71,2024-08-31,2024-10-30,2059.44,Overdue
1829,11,2025-12-05,2026-01-19,1506.77,Overdue
1830,59,2024-09-30,2024-10-30,2357.94,Paid
1831,2,2024-07-10,2024-09-08,2615.55,Paid
1832,91,2024-10-15,2024-11-14,2202.36,Overdue
1833,88,2024-06-07,2024-07-07,8132.56,Open
1834,29,2025-09-20,2025-11-04,678.51,Paid
1835,114,2024-02-14,2024-03-15,2245.91,Paid
1836,79,2025-06-26,2025-07-26,2624.78,Paid
1837,26,2025-07-20,2025-09-18,947.19,Overdue
1838,74,2025-02-19,2025-04-20,3032.65,Open
1839,87,2025-06-07,2025-08-06,4539.56,Paid
1840,109,2025-02-05,2025-04-06,4578.27,Paid
1841,69,2024-12-01,2024-12-31,8189.72,Open
1842,57,2025-06-24,2025-08-08,6276.87,Overdue
1843,16,2025-05-29,2025-06-28,1784.81,Paid
1844,53,2025-08-30,2025-09-29,1594.4,Paid
1845,70,2025-05-16,2025-06-15,477.24,Open
1846,75,2025-07-26,2025-09-09,2066.04,Paid
1847,43,2024-02-10,2024-03-11,4139.69,Open
1848,104,2025-06-14,2025-08-13,4638.84,Open
1849,92,2025-05-07,2025-05-22,1970.84,Paid
1850,16,2024-11-10,2024-11-25,2860.76,Overdue
1851,83,2024-01-09,2024-02-08,3021.36,Open
1852,72,2024-11-11,2024-11-26,1901.67,Overdue
1853,20,2024-06-08,2024-07-08,655.81,Paid
1854,106,2024-04-04,2024-06-03,6535.54,Overdue
1855,65,2025-11-10,2025-12-25,3928.39,Paid
1856,102,2024-04-29,2024-06-28,7051.72,Open
1857,48,2024-07-30,2024-08-14,8179.16,Paid
1858,20,2025-04-07,2025-05-22,2755.67,Overdue
1859,21,2024-03-07,2024-04-21,1920.53,Open
1860,70,2025-01-06,2025-01-21,2935.94,Paid
1861,88,2024-05-17,2024-07-01,834.9,Paid
1862,42,2025-08-04,2025-10-03,6921.05,Paid
1863,107,2025-08-07,2025-09-06,1467.06,Paid
1864,40,2024-03-28,2024-05-27,2722.1,Overdue
1865,50,2025-07-13,2025-08-12,3063.76,Overdue
1866,76,2025-02-09,2025-03-26,2740.44,Open
1867,43,2024-11-14,2024-12-14,1127.24,Paid
1868,113,2025-06-18,2025-08-17,2745.87,Open
1869,66,2024-02-16,2024-03-02,2530.17,Paid
1870,85,2025-08-22,2025-10-21,824.77,Paid
1871,95,2024-06-16,2024-07-16,686.86,Open
1872,95,2024-10-26,2024-11-25,4326.17,Open
1873,24,2025-01-17,2025-03-03,2170.98,Paid
1874,12,2024-03-31,2024-05-30,2478.93,Open
1875,46,2024-05-07,2024-07-06,2145.85,Overdue
1876,59,2025-05-10,2025-06-09,2574.87,Overdue
1877,46,2025-03-31,2025-05-15,3448.68,Paid
1878,119,2025-10-02,2025-10-17,4393.49,Paid
1879,35,2025-07-18,2025-08-17,687.01,Paid
1880,67,2024-06-16,2024-07-31,2689.73,Open
1881,86,2025-01-01,2025-01-31,1558.78,Open
1882,16,2024-11-09,2025-01-08,1600.99,Overdue
1883,7,2024-01-14,2024-01-29,4887.13,Overdue
1884,23,2025-06-09,2025-08-08,1944.65,Open
1885,95,2025-04-02,2025-05-17,2386.59,Overdue
1886,33,2024-03-25,2024-04-09,2244.21,Paid
1887,48,2024-09-04,2024-11-03,3626.72,Paid
1888,73,2024-03-31,2024-05-30,1772.79,Open
1889,23,2024-07-13,2024-08-27,2850.24,Paid
1890,22,2024-11-14,2025-01-13,11911.15,Paid
1891,64,2025-10-13,2025-11-27,2440.93,Paid
1892,116,2024-07-09,2024-08-23,2628.41,Open
1893,14,2024-06-27,2024-08-11,1467.96,Paid
1894,111,2025-12-13,2026-01-27,1073.11,Paid
1895,96,2025-06-09,2025-07-24,3696.81,Paid
1896,16,2025-01-02,2025-02-01,7256.53,Open
1897,10,2025-12-08,2026-01-22,3005.67,Paid
1898,31,2025-05-26,2025-07-25,1888.64,Paid
1899,89,2025-03-01,2025-03-31,2001.25,Paid
1900,22,2024-08-13,2024-10-12,2996.24,Open
1901,48,2025-03-11,2025-05-10,3710.99,Paid
1902,31,2025-06-16,2025-07-16,1689.19,Overdue
1903,3,2025-07-17,2025-08-16,1373.17,Paid
1904,34,2025-12-11,2026-01-10,4601.76,Paid
1905,68,2024-10-10,2024-11-24,9483.9,Overdue
1906,101,2025-09-11,2025-09-26,4352.01,Open
1907,67,2025-10-31,2025-11-15,2793.93,Paid
1908,104,2024-06-14,2024-07-29,1122.36,Paid
1909,47,2024-08-18,2024-10-17,3148.55,Paid
1910,74,2024-05-14,2024-07-13,1803.33,Paid
1911,34,2025-09-27,2025-11-26,2222.71,Paid
1912,9,2024-01-22,2024-02-21,1280.3,Open
1913,55,2024-05-07,2024-06-21,3810.82,Paid
1914,5,2025-12-05,2026-01-19,4685.64,Open
1915,85,2024-04-11,2024-05-11,3182.53,Paid
1916,9,2024-11-26,2024-12-26,8231.36,Paid
1917,94,2024-11-29,2024-12-29,2423.97,Paid
1918,29,2024-01-31,2024-03-31,1377.79,Overdue
1919,38,2024-07-24,2024-09-22,1677.9,Overdue
1920,77,2025-02-08,2025-02-23,704.2,Overdue
1921,117,2025-04-21,2025-05-21,1239.98,Paid
1922,49,2024-02-06,2024-02-21,1760.0,Paid
1923,97,2025-01-26,2025-03-27,1937.35,Paid
1924,69,2024-12-16,2024-12-31,1501.3,Paid
1925,48,2025-10-17,2025-11-01,3111.49,Paid
1926,49,2025-01-01,2025-01-31,3409.3,Open
1927,71,2024-08-18,2024-10-17,5045.45,Open
1928,41,2024-04-13,2024-06-12,1747.32,Overdue
1929,22,2025-08-02,2025-08-17,882.23,Paid
1930,52,2024-05-28,2024-06-12,4100.29,Open
1931,80,2024-09-06,2024-10-21,1941.24,Open
1932,49,2025-12-20,2026-02-03,4243.66,Paid
1933,87,2025-12-01,2026-01-15,1456.22,Open
1934,13,2025-03-05,2025-05-04,2741.99,Overdue
1935,14,2025-03-30,2025-05-14,6635.62,Paid
1936,29,2025-07-07,2025-07-22,3405.83,Paid
1937,101,2025-11-24,2026-01-23,6488.11,Paid
1938,76,2024-07-04,2024-08-03,3492.97,Overdue
1939,70,2024-03-06,2024-03-21,2743.1,Overdue
1940,62,2025-04-11,2025-05-11,4183.87,Open
1941,33,2024-01-16,2024-02-15,4428.81,Paid
1942,36,2024-08-16,2024-10-15,3705.5,Paid
1943,118,2025-04-30,2025-06-29,1476.6,Open
1944,18,2024-05-28,2024-07-27,1226.06,Paid
1945,48,2025-03-10,2025-04-24,1421.43,Open
1946,24,2024-11-17,2025-01-16,2947.33,Overdue
1947,49,2025-04-10,2025-05-25,740.86,Paid
1948,10,2024-02-03,2024-03-04,2229.58,Paid
1949,65,2025-04-28,2025-06-12,5023.75,Overdue
1950,17,2024-11-15,2024-11-30,2989.44,Open
1951,55,2024-10-23,2024-11-07,3533.78,Open
1952,93,2024-03-08,2024-04-22,574.06,Paid
1953,74,2025-10-04,2025-11-18,3079.24,Paid
1954,28,2025-04-19,2025-06-18,5328.71,Open
1955,34,2025-12-25,2026-01-09,1795.7,Overdue
1956,13,2024-11-22,2024-12-07,1425.65,Open
1957,119,2024-01-22,2024-02-06,2033.7,Overdue
1958,14,2024-12-04,2025-01-18,4212.99,Open
1959,55,2025-08-17,2025-10-01,603.59,Paid
1960,35,2025-02-22,2025-03-09,1729.18,Open
1961,19,2024-04-19,2024-06-03,2144.18,Paid
1962,117,2025-08-28,2025-10-12,327.97,Overdue
1963,22,2024-06-24,2024-08-23,2907.36,Paid
1964,99,2025-01-22,2025-02-21,5240.7,Paid
1965,26,2024-12-08,2024-12-23,2144.12,Open
1966,114,2025-10-02,2025-12-01,1561.84,Open
1967,119,2025-11-16,2025-12-16,2674.49,Paid
1968,67,2024-10-09,2024-11-23,3908.38,Paid
1969,32,2024-02-27,2024-03-13,4295.04,Paid
1970,92,2025-11-13,2025-12-28,2408.0,Open
1971,7,2024-08-08,2024-10-07,6068.76,Overdue
1972,41,2025-11-20,2025-12-05,2332.37,Overdue
1973,43,2024-06-19,2024-07-19,3830.28,Open
1974,15,2024-11-30,2024-12-15,1734.85,Paid
1975,14,2024-11-04,2024-12-19,4389.62,Open
1976,95,2025-01-03,2025-01-18,2641.19,Paid
1977,48,2025-12-14,2026-01-28,886.67,Open
1978,102,2025-06-27,2025-08-26,338.42,Overdue
1979,25,2024-12-16,2025-01-15,2785.95,Paid
1980,92,2024-02-14,2024-04-14,2872.81,Paid
1981,57,2024-06-07,2024-07-22,3046.65,Overdue
1982,52,2024-07-10,2024-09-08,4121.67,Open
1983,1,2024-09-01,2024-10-16,484.99,Open
1984,53,2024-11-02,2025-01-01,3189.93,Overdue
1985,24,2024-03-27,2024-05-11,1367.28,Paid
1986,8,2025-12-28,2026-02-26,2611.1,Paid
1987,48,2025-04-09,2025-05-24,1776.45,Paid
1988,115,2025-01-09,2025-03-10,1780.5,Open
1989,79,2025-01-03,2025-02-02,1981.27,Overdue
1990,12,2025-12-23,2026-01-22,438.58,Paid
1991,13,2024-01-23,2024-03-23,2660.35,Overdue
1992,57,2025-07-26,2025-08-10,1013.21,Paid
1993,18,2025-01-24,2025-03-10,4701.29,Open
1994,31,2025-11-01,2025-12-16,2564.66,Paid
1995,90,2025-10-23,2025-12-07,1566.71,Paid
1996,65,2024-01-09,2024-03-09,1655.07,Open
1997,74,2025-03-04,2025-04-18,4014.26,Paid
1998,51,2025-02-12,2025-03-14,1660.6,Overdue
1999,36,2025-03-12,2025-04-11,1675.1,Open
2000,29,2025-06-28,2025-08-27,1634.22,Overdue
2001,63,2024-07-14,2024-07-29,870.33,Open
2002,118,2025-04-30,2025-06-29,7140.69,Paid
2003,69,2025-12-06,2026-02-04,1895.03,Paid
2004,98,2024-04-21,2024-06-20,2800.82,Paid
2005,59,2025-06-25,2025-08-09,1640.16,Open
2006,1,2025-07-11,2025-09-09,2139.97,Paid
2007,34,2024-07-19,2024-09-02,5040.17,Paid
2008,67,2024-05-22,2024-07-21,1489.82,Overdue
2009,52,2024-01-18,2024-03-03,2064.61,Paid
2010,84,2025-04-14,2025-05-29,2826.64,Open
2011,105,2024-07-27,2024-09-10,2311.37,Open
2012,28,2024-06-07,2024-07-07,6695.02,Paid
2013,74,2025-07-16,2025-08-30,7825.44,Overdue
2014,39,2024-04-03,2024-04-18,3479.92,Paid
2015,34,2025-08-06,2025-09-05,2844.26,Open
2016,68,2024-08-22,2024-09-21,3432.37,Paid
2017,43,2024-05-24,2024-06-08,1986.72,Paid
2018,11,2024-01-31,2024-03-31,8286.46,Paid
2019,35,2024-09-15,2024-10-30,331.02,Overdue
2020,99,2025-04-08,2025-06-07,6572.1,Open
2021,94,2025-09-03,2025-09-18,2903.24,Overdue
2022,12,2024-11-26,2024-12-11,843.16,Paid
2023,118,2024-05-02,2024-05-17,1150.13,Open
2024,77,2024-02-03,2024-02-18,1443.14,Overdue
2025,43,2025-06-08,2025-06-23,1445.9,Paid
2026,41,2025-08-15,2025-09-29,2179.68,Open
2027,10,2025-08-22,2025-09-21,3976.87,Overdue
2028,79,2025-07-27,2025-09-10,1567.72,Paid
2029,9,2025-02-14,2025-03-01,5416.46,Open
2030,9,2024-05-26,2024-06-25,1589.39,Paid
2031,9,2025-03-25,2025-04-24,1449.75,Paid
2032,42,2024-07-17,2024-09-15,1980.15,Paid
2033,29,2024-01-26,2024-03-11,3679.09,Paid
2034,26,2024-03-12,2024-04-11,3503.17,Open
2035,92,2025-04-22,2025-05-22,5641.38,Paid
2036,12,2025-10-23,2025-11-07,3458.32,Paid
2037,20,2024-05-20,2024-07-19,1291.15,Paid
2038,65,2024-11-08,2025-01-07,1799.03,Paid
2039,28,2025-03-25,2025-05-09,4113.19,Paid
2040,79,2025-03-12,2025-04-26,6707.16,Overdue
2041,61,2024-06-19,2024-08-18,1021.61,Paid
2042,89,2025-08-02,2025-09-01,4943.56,Overdue
2043,2,2024-08-06,2024-09-20,2536.89,Paid
2044,97,2024-12-05,2025-01-19,2988.69,Overdue
2045,61,2025-06-13,2025-07-28,2161.42,Overdue
2046,76,2025-01-21,2025-02-05,8041.85,Open
2047,16,2024-11-23,2025-01-07,3028.84,Open
2048,45,2025-04-27,2025-05-12,987.92,Paid
2049,39,2024-04-08,2024-05-08,2584.86,Paid
2050,67,2025-09-17,2025-10-17,2612.32,Paid
2051,53,2025-12-24,2026-01-08,1424.14,Paid
2052,38,2024-01-26,2024-03-26,1381.14,Paid
2053,55,2025-04-23,2025-05-23,5396.42,Paid
2054,55,2025-03-25,2025-04-09,733.07,Open
2055,117,2024-09-09,2024-09-24,4659.93,Paid
2056,112,2024-03-11,2024-05-10,2044.73,Overdue
2057,41,2024-11-29,2025-01-13,1329.71,Open
2058,19,2025-05-20,2025-07-04,792.88,Open
2059,87,2025-05-07,2025-07-06,4011.77,Overdue
2060,107,2024-07-01,2024-08-30,6639.01,Paid
2061,14,2025-02-19,2025-04-05,1653.81,Paid
2062,62,2024-08-27,2024-09-11,2938.35,Overdue
2063,55,2024-07-05,2024-08-19,1934.58,Paid
2064,21,2024-06-29,2024-08-28,2214.49,Open
2065,113,2025-01-29,2025-03-15,4717.54,Paid
2066,120,2025-07-27,2025-08-26,2452.97,Paid
2067,113,2025-10-31,2025-12-15,2919.24,Paid
2068,51,2025-03-29,2025-04-13,3838.3,Paid
2069,63,2025-11-28,2026-01-27,3368.47,Overdue
2070,24,2025-11-26,2026-01-25,3271.41,Overdue
2071,88,2025-11-23,2026-01-07,1854.94,Paid
2072,74,2024-10-18,2024-12-17,2110.78,Paid
2073,99,2025-08-22,2025-10-21,778.22,Overdue
2074,107,2024-06-10,2024-08-09,2075.51,Paid
2075,35,2024-08-06,2024-08-21,3681.62,Paid
2076,59,2025-02-27,2025-04-13,6570.74,Paid
2077,7,2025-01-26,2025-03-12,3727.08,Paid
2078,68,2025-07-22,2025-09-20,617.15,Paid
2079,105,2025-05-20,2025-07-04,2112.19,Paid
2080,44,2024-07-05,2024-08-04,1968.82,Overdue
2081,97,2024-08-06,2024-10-05,3051.57,Open
2082,14,2024-02-08,2024-03-09,683.52,Paid
2083,90,2024-03-05,2024-05-04,2615.2,Open
2084,61,2024-01-14,2024-02-13,2899.49,Paid
2085,31,2024-10-01,2024-11-30,4151.51,Paid
2086,2,2024-04-06,2024-06-05,5591.5,Overdue
2087,56,2024-06-03,2024-06-18,3288.6,Overdue
2088,71,2024-01-30,2024-03-15,1814.95,Open
2089,3,2025-04-21,2025-05-06,1196.15,Open
2090,49,2024-03-12,2024-05-11,2685.39,Paid
2091,47,2024-12-29,2025-02-27,5506.89,Open
2092,104,2024-07-21,2024-08-05,1816.28,Paid
2093,30,2025-10-01,2025-10-16,3230.9,Paid
2094,95,2024-12-03,2025-01-17,1154.3,Overdue
2095,1,2024-07-04,2024-09-02,1955.67,Overdue
2096,7,2024-08-30,2024-10-14,1493.39,Open
2097,81,2025-10-01,2025-10-16,2418.96,Paid
2098,7,2025-02-18,2025-03-05,3839.56,Paid
2099,15,2025-01-05,2025-02-19,2039.67,Overdue
2100,19,2025-04-03,2025-06-02,381.98,Paid
2101,57,2024-11-03,2025-01-02,2756.75,Open
2102,47,2025-08-20,2025-09-19,1165.66,Overdue
2103,33,2025-04-24,2025-05-24,3361.1,Overdue
2104,78,2024-01-17,2024-02-01,1918.14,Overdue
2105,67,2025-08-03,2025-09-02,3710.8,Open
2106,109,2024-08-27,2024-10-26,478.0,Paid
2107,59,2024-09-28,2024-11-27,1466.82,Open
2108,15,2024-08-20,2024-10-04,1672.61,Open
2109,36,2024-08-30,2024-09-29,1886.3,Paid
2110,108,2025-09-12,2025-09-27,990.4,Overdue
2111,98,2024-07-27,2024-08-11,2352.4,Overdue
2112,74,2024-01-07,2024-01-22,2676.77,Open
2113,117,2024-11-18,2025-01-17,3763.46,Open
2114,93,2025-05-29,2025-06-13,5976.67,Paid
2115,9,2024-10-12,2024-11-26,2636.23,Paid
2116,68,2025-07-24,2025-09-07,775.32,Overdue
2117,66,2025-05-20,2025-06-19,1979.18,Paid
2118,59,2025-02-03,2025-04-04,2973.92,Overdue
2119,50,2024-04-29,2024-06-13,2520.88,Paid
2120,91,2024-02-02,2024-04-02,973.51,Paid
2121,93,2025-09-30,2025-10-15,3743.32,Overdue
2122,3,2025-01-21,2025-03-07,2057.41,Paid
2123,112,2025-05-29,2025-07-28,2652.33,Paid
2124,58,2025-10-19,2025-12-03,3623.51,Overdue
2125,39,2024-09-20,2024-11-19,2794.0,Overdue
2126,76,2025-12-30,2026-02-28,2076.49,Paid
2127,69,2025-11-24,2026-01-08,7565.47,Open
2128,93,2025-07-23,2025-08-22,2320.55,Paid
2129,92,2024-10-16,2024-12-15,3182.88,Overdue
2130,63,2025-12-04,2026-02-02,910.91,Paid
2131,45,2024-11-05,2024-11-20,974.03,Paid
2132,71,2024-12-09,2025-01-08,1568.67,Paid
2133,26,2025-05-31,2025-07-15,2363.65,Paid
2134,37,2024-04-11,2024-05-11,3790.17,Paid
2135,117,2025-08-09,2025-09-08,655.98,Overdue
2136,105,2024-05-06,2024-06-05,210.16,Open
2137,35,2024-05-03,2024-06-17,12810.5,Paid
2138,7,2025-12-09,2026-01-23,2170.11,Overdue
2139,12,2024-12-08,2024-12-23,3157.13,Paid
2140,96,2024-11-08,2024-12-08,2201.49,Overdue
2141,118,2024-01-31,2024-03-16,284.31,Paid
2142,87,2025-12-05,2026-01-04,2013.04,Overdue
2143,61,2025-08-31,2025-09-30,5076.05,Paid
2144,96,2024-12-16,2025-01-30,6069.18,Open
2145,62,2024-12-24,2025-02-22,234.58,Open
2146,8,2024-08-04,2024-09-18,4005.37,Open
2147,13,2025-11-17,2025-12-02,2660.02,Paid
2148,68,2024-12-10,2025-01-09,3103.87,Overdue
2149,100,2025-05-23,2025-07-07,1681.77,Open
2150,6,2025-04-11,2025-04-26,622.08,Paid
2151,14,2025-02-06,2025-02-21,2204.31,Overdue
2152,108,2025-02-06,2025-03-23,2394.38,Open
2153,7,2025-07-21,2025-08-20,2939.33,Paid
2154,20,2024-03-14,2024-03-29,1926.41,Open
2155,118,2025-02-06,2025-02-21,3285.72,Paid
2156,82,2025-05-12,2025-06-11,1007.43,Overdue
2157,80,2025-08-17,2025-10-01,11955.53,Open
2158,18,2024-09-20,2024-10-05,1209.43,Paid
2159,53,2025-07-06,2025-08-20,3838.51,Paid
2160,85,2025-04-24,2025-05-09,1226.23,Paid
2161,101,2025-08-23,2025-10-07,2103.78,Paid
2162,5,2024-04-29,2024-06-28,1636.54,Paid
2163,23,2025-03-14,2025-03-29,1721.97,Overdue
2164,66,2024-10-13,2024-12-12,1677.9,Open
2165,15,2025-10-25,2025-12-24,1608.13,Open
2166,95,2025-03-12,2025-04-26,1975.25,Paid
2167,3,2025-09-01,2025-10-01,5553.4,Paid
2168,14,2024-11-02,2024-12-02,1224.65,Open
2169,105,2024-01-02,2024-02-01,246.0,Paid
2170,8,2025-12-27,2026-01-26,5916.66,Overdue
2171,67,2024-10-03,2024-11-17,765.03,Paid
2172,109,2025-02-24,2025-03-11,6813.6,Paid
2173,102,2025-05-23,2025-07-22,2218.15,Paid
2174,118,2025-02-04,2025-03-21,4079.64,Paid
2175,61,2025-08-20,2025-09-04,695.09,Open
2176,76,2025-11-05,2025-11-20,5016.4,Paid
2177,39,2024-03-09,2024-04-08,2477.93,Open
2178,100,2024-01-25,2024-02-24,431.15,Paid
2179,21,2025-12-28,2026-01-27,1580.83,Paid
2180,101,2024-01-29,2024-02-28,1445.45,Paid
2181,5,2025-03-25,2025-05-09,7156.37,Open
2182,22,2024-05-08,2024-06-22,637.29,Overdue
2183,81,2024-02-08,2024-04-08,1161.5,Open
2184,117,2024-10-16,2024-10-31,1957.71,Paid
2185,5,2025-03-19,2025-04-03,3556.76,Open
2186,119,2024-09-19,2024-11-18,2898.8,Paid
2187,88,2024-05-02,2024-07-01,1138.59,Paid
2188,21,2025-12-17,2026-01-31,3074.38,Paid
2189,70,2025-01-16,2025-03-17,1315.35,Paid
2190,88,2025-07-09,2025-08-08,2331.04,Paid
2191,95,2024-01-02,2024-03-02,1763.39,Paid
2192,97,2024-02-01,2024-03-02,5810.36,Paid
2193,82,2024-01-29,2024-03-29,7222.41,Open
2194,77,2024-10-08,2024-10-23,2117.46,Overdue
2195,97,2024-04-10,2024-06-09,1950.05,Paid
2196,14,2024-01-30,2024-02-29,1102.16,Open
2197,85,2024-08-24,2024-10-23,593.45,Paid
2198,104,2025-04-03,2025-04-18,4050.07,Overdue
2199,106,2025-09-13,2025-10-13,1774.87,Paid
2200,44,2025-01-12,2025-01-27,8776.9,Open
2201,112,2025-06-17,2025-07-02,1685.13,Paid
2202,79,2024-02-10,2024-03-11,3817.09,Open
2203,27,2024-03-22,2024-05-06,4272.69,Paid
2204,32,2025-05-10,2025-07-09,2412.71,Open
2205,118,2025-03-16,2025-03-31,1987.43,Open
2206,6,2024-12-08,2025-01-22,3152.54,Overdue
2207,16,2025-11-07,2025-12-22,1002.72,Paid
2208,85,2024-12-19,2025-02-17,2770.11,Paid
2209,64,2025-03-08,2025-03-23,1165.43,Paid
2210,94,2025-05-14,2025-06-13,3583.9,Open
2211,95,2024-07-08,2024-09-06,4171.54,Open
2212,107,2025-10-18,2025-11-02,4635.57,Paid
2213,7,2024-11-12,2025-01-11,982.68,Paid
2214,104,2025-05-17,2025-06-01,1176.88,Paid
2215,103,2024-08-05,2024-08-20,3718.41,Paid
2216,87,2024-03-16,2024-04-15,799.47,Paid
2217,111,2024-02-03,2024-03-19,1705.05,Overdue
2218,43,2024-01-16,2024-03-01,5065.76,Open
2219,117,2024-08-27,2024-10-11,2280.71,Paid
2220,75,2025-02-28,2025-04-14,4261.72,Overdue
2221,72,2024-06-19,2024-08-18,3178.01,Paid
2222,7,2024-07-06,2024-08-05,4711.88,Open
2223,78,2025-11-19,2025-12-04,4989.08,Open
2224,88,2024-04-19,2024-05-19,743.55,Paid
2225,104,2024-08-12,2024-09-26,650.09,Paid
2226,33,2024-04-05,2024-05-20,1919.48,Open
2227,21,2025-07-02,2025-07-17,4440.52,Open
2228,112,2025-01-14,2025-02-28,608.22,Overdue
2229,16,2024-11-18,2024-12-03,4334.59,Paid
2230,9,2025-03-14,2025-04-13,4327.33,Paid
2231,107,2024-09-11,2024-10-11,2798.38,Paid
2232,6,2025-04-19,2025-05-19,1931.61,Paid
2233,118,2025-10-20,2025-12-04,5870.1,Paid
2234,94,2025-04-28,2025-06-27,4849.98,Paid
2235,103,2024-07-06,2024-09-04,2733.84,Paid
2236,79,2025-06-02,2025-06-17,4864.97,Overdue
2237,61,2025-03-09,2025-04-08,2688.11,Paid
2238,73,2025-02-10,2025-04-11,4096.25,Paid
2239,13,2025-09-20,2025-10-05,1385.61,Overdue
2240,57,2024-11-02,2024-12-02,5059.52,Overdue
2241,67,2024-03-15,2024-04-29,3756.92,Paid
2242,7,2024-01-13,2024-03-13,742.0,Paid
2243,55,2025-07-07,2025-09-05,1317.4,Paid
2244,45,2025-05-10,2025-05-25,1891.33,Paid
2245,8,2024-10-11,2024-12-10,2356.07,Paid
2246,63,2025-06-27,2025-07-12,916.19,Open
2247,27,2025-01-06,2025-02-20,1603.33,Open
2248,23,2025-11-10,2025-12-10,2367.88,Paid
2249,106,2025-08-09,2025-09-08,4216.68,Open
2250,65,2024-06-13,2024-08-12,3369.21,Open
2251,91,2025-06-16,2025-08-15,3058.01,Overdue
2252,96,2025-11-07,2026-01-06,6727.02,Open
2253,48,2025-04-06,2025-05-21,10169.07,Open
2254,92,2025-03-14,2025-03-29,4057.59,Paid
2255,37,2024-09-30,2024-11-29,3023.86,Paid
2256,28,2024-03-13,2024-04-27,3608.83,Paid
2257,76,2024-04-10,2024-05-10,1516.46,Open
2258,29,2025-05-01,2025-06-30,1347.47,Open
2259,90,2025-12-03,2025-12-18,4967.99,Open
2260,19,2025-01-31,2025-03-17,722.09,Paid
2261,92,2025-04-21,2025-06-20,1878.86,Overdue
2262,101,2025-08-24,2025-09-23,3504.98,Paid
2263,4,2025-06-28,2025-08-27,973.99,Paid
2264,107,2025-11-02,2026-01-01,794.41,Open
2265,110,2024-04-19,2024-06-03,4350.68,Paid
2266,74,2025-08-16,2025-09-15,1199.39,Paid
2267,18,2025-05-07,2025-06-21,4370.75,Paid
2268,15,2024-02-28,2024-03-14,2650.6,Paid
2269,20,2025-03-22,2025-05-06,2638.57,Overdue
2270,110,2025-06-10,2025-06-25,2350.65,Paid
2271,71,2025-02-13,2025-03-15,765.94,Paid
2272,45,2025-07-17,2025-08-01,3082.07,Open
2273,70,2025-07-25,2025-08-09,1459.64,Open
2274,99,2025-06-12,2025-07-12,1345.32,Paid
2275,7,2025-07-10,2025-09-08,4101.38,Open
2276,92,2025-11-20,2025-12-20,3475.36,Open
2277,64,2025-09-30,2025-10-15,2329.9,Paid
2278,110,2024-11-22,2024-12-07,1292.2,Overdue
2279,49,2025-10-12,2025-11-11,2861.66,Paid
2280,91,2025-06-05,2025-08-04,4463.23,Paid
2281,93,2024-05-24,2024-07-23,5166.89,Paid
2282,66,2024-01-08,2024-02-07,2337.36,Open
2283,38,2025-09-16,2025-10-31,1982.69,Overdue
2284,59,2025-08-10,2025-10-09,895.5,Paid
2285,103,2024-12-16,2024-12-31,6545.69,Overdue
2286,40,2024-09-22,2024-11-06,4476.38,Paid
2287,15,2024-05-04,2024-05-19,2493.57,Paid
2288,48,2024-04-02,2024-05-17,1488.96,Paid
2289,91,2024-12-31,2025-03-01,5020.47,Paid
2290,94,2025-08-12,2025-10-11,1124.52,Paid
2291,63,2025-04-15,2025-06-14,803.11,Open
2292,17,2024-03-05,2024-05-04,1845.81,Open
2293,58,2024-04-16,2024-05-16,1741.42,Open
2294,96,2024-03-07,2024-03-22,1103.67,Open
2295,94,2025-12-05,2026-02-03,9112.97,Paid
2296,55,2024-06-28,2024-07-28,7490.2,Open
2297,19,2025-09-22,2025-11-21,2489.83,Overdue
2298,5,2025-12-18,2026-01-17,1600.09,Overdue
2299,53,2024-01-31,2024-03-01,1845.82,Paid
2300,46,2025-04-30,2025-05-30,909.38,Paid
2301,16,2025-10-09,2025-10-24,2158.57,Overdue
2302,82,2025-10-17,2025-12-16,5848.61,Paid
2303,99,2025-10-23,2025-12-07,3632.58,Open
2304,9,2025-10-31,2025-11-30,2062.9,Overdue
2305,118,2025-11-13,2025-12-13,3149.03,Paid
2306,80,2024-07-26,2024-08-25,2009.22,Paid
2307,38,2024-05-08,2024-05-23,1636.59,Open
2308,115,2025-08-06,2025-09-05,2693.89,Open
2309,116,2025-08-31,2025-10-30,2235.99,Paid
2310,46,2024-05-17,2024-06-01,1268.82,Open
2311,6,2025-03-09,2025-04-23,1671.2,Paid
2312,118,2024-02-19,2024-04-04,3582.11,Paid
2313,56,2025-06-04,2025-06-19,1717.95,Paid
2314,31,2025-08-21,2025-09-05,2017.78,Paid
2315,3,2024-07-11,2024-08-25,5908.44,Open
2316,116,2025-09-20,2025-10-05,874.22,Open
2317,14,2024-08-05,2024-08-20,5990.17,Paid
2318,63,2025-11-19,2026-01-03,4218.93,Open
2319,32,2025-04-06,2025-05-21,1677.16,Paid
2320,57,2024-01-02,2024-02-16,2854.56,Overdue
2321,35,2024-01-26,2024-03-11,2011.05,Paid
2322,45,2025-11-09,2025-12-09,4142.77,Open
2323,18,2025-05-24,2025-07-23,4561.93,Paid
2324,37,2025-08-08,2025-08-23,2289.11,Overdue
2325,69,2025-12-12,2025-12-27,995.61,Paid
2326,109,2024-11-11,2024-12-11,2701.52,Paid
2327,33,2025-11-17,2025-12-17,1685.31,Open
2328,117,2025-08-11,2025-09-25,1656.46,Paid
2329,32,2025-04-20,2025-06-19,2196.44,Overdue
2330,94,2025-06-08,2025-07-08,6146.72,Open
2331,53,2025-07-25,2025-08-24,1279.92,Paid
2332,23,2024-01-05,2024-01-20,1067.29,Paid
2333,116,2025-07-19,2025-08-03,4687.95,Overdue
2334,117,2025-01-19,2025-02-03,5143.86,Paid
2335,75,2024-03-16,2024-04-30,1415.03,Open
2336,107,2024-12-18,2025-02-01,4426.49,Paid
2337,28,2025-09-19,2025-10-19,967.57,Paid
2338,91,2025-06-15,2025-07-15,3828.23,Paid
2339,55,2024-04-30,2024-05-15,4684.0,Overdue
2340,20,2024-12-31,2025-03-01,2417.07,Paid
2341,96,2024-10-07,2024-11-06,1824.8,Open
2342,8,2024-10-13,2024-11-12,817.81,Overdue
2343,52,2024-12-30,2025-02-28,5692.62,Open
2344,67,2025-06-07,2025-07-22,863.19,Open
2345,110,2024-04-17,2024-05-17,4021.29,Overdue
2346,63,2025-08-22,2025-10-06,1890.8,Paid
2347,72,2025-06-18,2025-08-17,1283.49,Open
2348,43,2025-10-10,2025-11-09,2404.35,Open
2349,68,2025-02-27,2025-04-13,2354.41,Paid
2350,7,2025-11-14,2025-12-29,2319.17,Paid
2351,34,2024-10-02,2024-11-01,1033.06,Paid
2352,32,2024-07-13,2024-09-11,1523.12,Paid
2353,21,2024-02-17,2024-04-02,386.26,Paid
2354,59,2025-12-11,2026-02-09,2206.17,Paid
2355,3,2025-03-20,2025-05-19,4531.53,Open
2356,75,2025-04-16,2025-05-16,5135.77,Paid
2357,100,2025-02-20,2025-04-06,2188.71,Open
2358,110,2025-04-12,2025-05-27,285.42,Open
2359,119,2025-10-02,2025-12-01,5119.43,Paid
2360,90,2025-02-25,2025-04-11,5563.25,Overdue
2361,17,2024-10-06,2024-12-05,2308.4,Overdue
2362,65,2024-11-01,2024-12-01,5063.0,Overdue
2363,16,2025-05-17,2025-06-16,8191.76,Overdue
2364,7,2024-09-04,2024-10-04,797.01,Open
2365,84,2025-09-11,2025-10-11,3456.04,Paid
2366,46,2024-12-11,2025-01-10,5544.31,Paid
2367,87,2025-11-14,2025-12-29,2593.29,Paid
2368,72,2024-10-14,2024-11-28,4724.93,Open
2369,91,2024-06-24,2024-07-09,1285.34,Paid
2370,18,2024-12-19,2025-01-03,1335.99,Paid
2371,51,2024-10-12,2024-11-26,3159.78,Open
2372,90,2024-07-02,2024-08-01,4132.66,Overdue
2373,54,2024-05-03,2024-06-17,1541.86,Paid
2374,68,2024-10-03,2024-11-02,2340.16,Paid
2375,10,2025-07-05,2025-08-04,1624.58,Open
2376,28,2025-01-10,2025-01-25,4706.88,Overdue
2377,73,2024-09-16,2024-10-31,5809.95,Paid
2378,63,2025-09-16,2025-10-16,2209.62,Paid
2379,54,2024-07-10,2024-08-09,3693.33,Open
2380,99,2025-06-28,2025-08-27,3747.75,Paid
2381,6,2024-01-13,2024-03-13,1356.92,Overdue
2382,60,2024-03-06,2024-04-20,2236.66,Paid
2383,117,2024-07-23,2024-09-21,1186.07,Open
2384,17,2024-02-09,2024-02-24,1639.84,Overdue
2385,10,2025-05-24,2025-07-08,7354.66,Paid
2386,68,2025-08-30,2025-10-29,4682.22,Open
2387,88,2024-11-30,2025-01-29,831.38,Open
2388,59,2025-11-07,2025-12-22,1898.1,Paid
2389,17,2025-07-28,2025-09-26,1683.71,Overdue
2390,106,2024-05-06,2024-06-05,649.55,Paid
2391,119,2024-04-17,2024-05-17,1161.25,Paid
2392,63,2025-09-22,2025-11-21,3849.35,Open
2393,46,2025-04-14,2025-04-29,617.05,Overdue
2394,114,2024-07-28,2024-09-26,6291.24,Open
2395,68,2025-08-19,2025-09-03,1069.69,Paid
2396,42,2024-10-02,2024-11-16,2064.61,Open
2397,32,2024-06-01,2024-07-16,2039.89,Paid
2398,1,2024-07-17,2024-09-15,11635.41,Paid
2399,102,2024-05-31,2024-07-15,3163.24,Overdue
2400,88,2024-05-14,2024-06-13,2129.48,Paid
2401,33,2025-10-09,2025-11-08,4170.74,Paid
2402,116,2024-04-20,2024-05-20,801.1,Paid
2403,97,2025-09-25,2025-11-24,2820.25,Open
2404,94,2025-04-11,2025-04-26,7324.82,Paid
2405,33,2024-03-29,2024-04-28,3438.66,Paid
2406,78,2024-10-12,2024-12-11,575.57,Open
2407,102,2025-06-26,2025-07-11,1288.18,Overdue
2408,61,2024-11-01,2024-12-01,941.22,Paid
2409,3,2024-12-14,2024-12-29,5546.13,Open
2410,88,2024-12-07,2025-01-21,3568.19,Open
2411,24,2024-07-14,2024-08-28,982.61,Paid
2412,77,2024-09-28,2024-10-13,6015.52,Open
2413,86,2024-06-25,2024-07-10,2865.43,Paid
2414,44,2025-05-19,2025-06-18,1544.56,Paid
2415,19,2025-04-03,2025-06-02,2032.24,Overdue
2416,25,2024-06-09,2024-07-24,2469.89,Paid
2417,95,2024-03-02,2024-03-17,5121.63,Open
2418,57,2024-03-29,2024-05-13,3132.7,Paid
2419,99,2024-02-11,2024-04-11,3762.51,Paid
2420,76,2024-01-27,2024-03-12,3500.19,Overdue
2421,55,2024-10-26,2024-12-25,1567.18,Open
2422,90,2024-08-18,2024-09-02,4334.76,Open
2423,10,2024-08-03,2024-10-02,1790.07,Paid
2424,101,2024-05-29,2024-06-13,1179.04,Paid
2425,84,2025-11-09,2025-12-09,2748.36,Paid
2426,58,2025-10-06,2025-10-21,2000.69,Paid
2427,3,2025-04-28,2025-05-13,2571.45,Paid
2428,54,2024-01-07,2024-02-06,5225.43,Paid
2429,66,2024-04-14,2024-06-13,2413.63,Paid
2430,13,2025-08-09,2025-09-23,5100.6,Paid
2431,68,2024-10-23,2024-11-07,2273.29,Paid
2432,113,2025-03-12,2025-04-26,6161.79,Paid
2433,67,2025-08-03,2025-09-17,3005.14,Paid
2434,5,2025-11-28,2025-12-13,5605.7,Paid
2435,31,2025-12-26,2026-02-24,8519.46,Open
2436,5,2025-05-12,2025-07-11,1855.37,Paid
2437,10,2024-09-04,2024-11-03,1666.49,Paid
2438,73,2024-12-25,2025-01-09,1195.16,Open
2439,94,2024-12-13,2025-02-11,2123.89,Paid
2440,79,2024-09-02,2024-09-17,3057.29,Paid
2441,100,2025-06-21,2025-08-20,6035.7,Open
2442,108,2024-03-06,2024-03-21,2167.2,Paid
2443,38,2025-11-05,2025-11-20,6156.13,Paid
2444,59,2024-05-03,2024-06-02,1648.46,Open
2445,101,2024-04-28,2024-06-12,562.21,Open
2446,44,2024-02-03,2024-02-18,7046.79,Overdue
2447,68,2025-11-21,2025-12-06,2496.05,Paid
2448,21,2025-06-18,2025-07-18,603.75,Open
2449,60,2024-08-03,2024-09-02,1442.7,Paid
2450,17,2024-07-14,2024-07-29,2976.0,Paid
2451,14,2025-04-03,2025-05-03,979.88,Overdue
2452,64,2025-10-04,2025-12-03,8730.19,Overdue
2453,71,2024-09-24,2024-11-08,5038.39,Open
2454,22,2024-08-22,2024-10-06,9415.82,Open
2455,60,2024-09-11,2024-09-26,255.38,Overdue
2456,97,2024-10-30,2024-12-29,2955.35,Paid
2457,13,2025-09-07,2025-11-06,3317.18,Open
2458,93,2025-08-25,2025-09-24,6111.21,Paid
2459,19,2025-01-12,2025-03-13,1965.21,Overdue
2460,118,2024-02-22,2024-04-22,1472.43,Open
2461,84,2025-07-01,2025-07-31,3335.7,Overdue
2462,111,2025-07-10,2025-07-25,902.75,Open
2463,15,2024-10-02,2024-10-17,1959.74,Paid
2464,119,2024-07-03,2024-09-01,2527.43,Open
2465,9,2024-01-14,2024-02-13,1226.53,Paid
2466,27,2024-09-16,2024-10-31,7246.21,Overdue
2467,41,2025-04-19,2025-05-19,3081.39,Open
2468,5,2025-09-18,2025-10-03,2037.76,Paid
2469,83,2025-06-12,2025-08-11,940.68,Paid
2470,94,2025-08-13,2025-10-12,6366.76,Overdue
2471,21,2024-08-06,2024-09-20,4366.77,Paid
2472,96,2025-08-22,2025-09-06,1638.08,Paid
2473,27,2024-07-12,2024-08-26,1524.33,Open
2474,59,2025-12-31,2026-02-14,1285.51,Paid
2475,7,2024-05-01,2024-06-30,3049.1,Overdue
2476,97,2025-07-19,2025-08-03,1592.5,Open
2477,49,2024-04-20,2024-05-05,4628.65,Paid
2478,30,2025-09-25,2025-10-10,4227.96,Open
2479,6,2025-03-17,2025-04-16,2081.94,Overdue
2480,55,2024-02-01,2024-03-17,3102.79,Overdue
2481,51,2024-10-09,2024-10-24,2628.59,Paid
2482,89,2024-02-15,2024-04-15,2861.43,Paid
2483,79,2025-09-05,2025-10-20,3528.49,Paid
2484,92,2025-08-14,2025-09-28,1545.56,Paid
2485,20,2024-03-26,2024-05-10,3632.43,Paid
2486,99,2024-02-19,2024-03-20,1121.33,Paid
2487,42,2024-06-04,2024-08-03,5322.39,Paid
2488,36,2025-11-07,2025-12-07,2349.14,Paid
2489,114,2025-12-01,2026-01-15,1935.98,Paid
2490,35,2025-10-11,2025-11-10,2657.64,Paid
2491,68,2024-12-30,2025-02-13,6045.49,Paid
2492,65,2024-02-23,2024-04-23,3136.11,Overdue
2493,108,2024-08-02,2024-10-01,4926.29,Paid
2494,63,2024-11-07,2024-12-22,2459.42,Paid
2495,95,2025-11-16,2026-01-15,3234.42,Paid
2496,73,2024-12-14,2025-01-28,214.74,Open
2497,45,2024-02-18,2024-03-04,1156.68,Paid
2498,74,2025-07-09,2025-07-24,7195.4,Paid
2499,41,2024-09-20,2024-10-05,3844.49,Overdue
2500,38,2025-01-22,2025-02-21,3608.19,Overdue
2501,3,2024-11-14,2024-12-29,1174.18,Paid
2502,91,2024-10-24,2024-11-23,1532.41,Paid
2503,77,2025-06-05,2025-08-04,743.49,Overdue
2504,23,2024-12-22,2025-02-05,2978.24,Paid
2505,84,2025-07-02,2025-08-01,1819.59,Paid
2506,2,2024-04-29,2024-05-29,3399.15,Paid
2507,50,2024-08-26,2024-10-10,3142.0,Overdue
2508,32,2024-07-20,2024-09-03,2743.23,Overdue
2509,84,2025-12-24,2026-01-08,6575.46,Paid
2510,38,2024-07-10,2024-08-24,3047.61,Paid
2511,10,2024-07-13,2024-07-28,3387.0,Paid
2512,49,2025-06-18,2025-08-17,1255.18,Overdue
2513,90,2024-04-12,2024-05-27,7291.84,Paid
2514,34,2024-10-09,2024-10-24,6832.16,Paid
2515,95,2024-10-07,2024-11-06,1400.15,Paid
2516,44,2024-03-04,2024-04-03,2183.42,Overdue
2517,43,2024-05-20,2024-06-19,2001.98,Open
2518,87,2024-04-22,2024-05-22,2618.83,Open
2519,113,2024-08-09,2024-10-08,882.11,Paid
2520,63,2025-07-22,2025-08-06,1923.26,Paid
2521,30,2024-01-24,2024-02-08,4058.2,Open
2522,69,2024-12-27,2025-01-11,659.18,Overdue
2523,68,2024-05-13,2024-06-12,1551.91,Paid
2524,8,2025-10-17,2025-11-16,5257.38,Paid
2525,29,2025-11-23,2026-01-22,3314.56,Paid
2526,73,2024-01-18,2024-02-02,387.85,Paid
2527,82,2024-10-08,2024-10-23,564.86,Open
2528,13,2025-05-20,2025-06-04,808.54,Paid
2529,33,2025-03-31,2025-05-15,1874.28,Paid
2530,69,2025-03-26,2025-05-25,1856.27,Paid
2531,37,2025-11-13,2025-11-28,1949.67,Open
2532,65,2024-03-11,2024-03-26,12210.25,Paid
2533,7,2025-06-16,2025-08-15,2408.33,Paid
2534,42,2024-10-24,2024-12-08,2587.18,Open
2535,4,2025-10-29,2025-11-28,1074.67,Open
2536,102,2024-01-18,2024-03-18,3153.33,Open
2537,97,2025-12-17,2026-02-15,7342.89,Open
2538,103,2025-12-15,2025-12-30,654.32,Paid
2539,78,2025-01-22,2025-03-23,4958.52,Open
2540,51,2024-10-14,2024-12-13,2104.87,Paid
2541,49,2025-05-14,2025-06-28,912.3,Paid
2542,86,2024-02-05,2024-02-20,3464.47,Paid
2543,107,2025-11-24,2026-01-08,2783.09,Overdue
2544,57,2025-07-06,2025-07-21,1794.21,Paid
2545,66,2025-02-08,2025-02-23,4672.12,Paid
2546,63,2025-11-15,2025-12-15,1471.31,Overdue
2547,111,2025-02-11,2025-03-28,2610.06,Paid
2548,106,2024-11-19,2024-12-19,4662.7,Paid
2549,33,2024-09-08,2024-11-07,2296.37,Overdue
2550,1,2025-11-20,2026-01-19,434.26,Open
2551,120,2025-09-23,2025-11-07,2520.45,Overdue
2552,61,2025-09-05,2025-09-20,1590.79,Paid
2553,106,2025-05-10,2025-06-09,6431.62,Open
2554,19,2024-11-04,2024-11-19,1356.01,Paid
2555,3,2025-12-23,2026-01-07,4397.38,Paid
2556,53,2025-11-18,2026-01-02,6879.51,Paid
2557,38,2025-07-12,2025-08-26,6395.94,Paid
2558,99,2025-12-31,2026-03-01,1011.69,Open
2559,65,2024-01-20,2024-03-05,2628.58,Paid
2560,88,2024-01-23,2024-02-22,1646.1,Overdue
2561,85,2025-12-01,2026-01-30,1472.89,Open
2562,116,2024-12-25,2025-02-08,1122.98,Open
2563,90,2024-08-27,2024-10-11,1624.57,Paid
2564,4,2024-06-28,2024-07-13,3747.16,Paid
2565,85,2024-03-01,2024-03-31,3801.07,Paid
2566,118,2024-10-15,2024-12-14,3356.18,Overdue
2567,49,2024-10-26,2024-11-25,638.0,Overdue
2568,15,2025-03-06,2025-04-20,4122.38,Open
2569,42,2024-09-07,2024-11-06,1519.49,Paid
2570,93,2024-07-19,2024-09-17,4276.67,Paid
2571,45,2024-05-25,2024-07-09,7625.33,Open
2572,76,2024-11-21,2025-01-05,4077.35,Open
2573,7,2024-11-04,2024-12-19,3173.99,Paid
2574,83,2024-11-19,2025-01-03,1168.15,Open
2575,94,2024-03-28,2024-04-12,2144.43,Paid
2576,88,2024-04-14,2024-06-13,2369.09,Paid
2577,88,2025-11-02,2025-12-17,607.56,Paid
2578,63,2025-04-18,2025-06-02,2182.57,Overdue
2579,79,2025-03-26,2025-04-25,2078.1,Paid
2580,113,2024-05-31,2024-06-15,3990.53,Paid
2581,15,2024-04-21,2024-05-06,6726.89,Open
2582,65,2025-09-14,2025-11-13,4823.05,Paid
2583,88,2024-08-29,2024-10-13,885.88,Paid
2584,89,2024-03-10,2024-03-25,6566.98,Overdue
2585,77,2024-03-24,2024-04-08,1615.95,Paid
2586,74,2025-11-15,2025-11-30,4211.09,Paid
2587,92,2025-05-22,2025-07-21,2882.27,Open
2588,46,2025-01-01,2025-03-02,3027.9,Paid
2589,46,2024-07-15,2024-08-14,2824.25,Overdue
2590,108,2025-04-15,2025-05-15,1841.38,Paid
2591,103,2025-02-07,2025-04-08,2546.93,Open
2592,74,2024-07-19,2024-08-18,2814.63,Paid
2593,32,2025-04-13,2025-04-28,1557.29,Overdue
2594,119,2025-11-14,2026-01-13,1526.91,Paid
2595,52,2025-02-13,2025-04-14,6938.38,Overdue
2596,78,2024-08-01,2024-08-31,3354.31,Overdue
2597,54,2024-04-02,2024-05-02,1386.22,Open
2598,8,2025-10-20,2025-11-04,1075.02,Paid
2599,48,2025-03-14,2025-03-29,758.34,Open
2600,63,2024-03-01,2024-04-15,4784.04,Paid
2601,120,2025-04-22,2025-05-07,1706.56,Paid
2602,98,2024-02-12,2024-03-13,2130.57,Overdue
2603,37,2024-01-25,2024-02-24,1814.51,Open
2604,72,2025-08-16,2025-09-30,1933.63,Open
2605,70,2025-07-23,2025-08-22,1380.97,Paid
2606,102,2024-03-10,2024-04-24,2693.59,Paid
2607,88,2025-02-23,2025-04-24,2738.42,Paid
2608,98,2025-01-13,2025-03-14,4460.51,Paid
2609,102,2025-10-19,2025-12-18,8296.98,Overdue
2610,64,2024-11-05,2024-12-20,8918.78,Paid
2611,60,2024-11-29,2024-12-14,145.72,Paid
2612,10,2025-09-11,2025-11-10,2794.52,Open
2613,84,2025-01-07,2025-02-06,1910.85,Paid
2614,87,2025-08-21,2025-09-05,2502.31,Open
2615,110,2025-07-02,2025-08-01,3073.0,Paid
2616,90,2025-06-12,2025-08-11,1552.6,Paid
2617,93,2025-04-13,2025-04-28,3053.19,Paid
2618,20,2024-03-14,2024-04-28,4806.36,Paid
2619,89,2025-07-25,2025-08-24,2099.94,Paid
2620,117,2024-02-04,2024-04-04,653.03,Open
2621,62,2025-11-16,2025-12-31,3711.63,Paid
2622,46,2025-03-30,2025-04-14,5118.0,Paid
2623,33,2025-10-12,2025-10-27,854.46,Paid
2624,34,2025-08-03,2025-09-02,130.88,Paid
2625,90,2024-06-21,2024-08-20,5062.21,Paid
2626,83,2024-10-18,2024-11-02,3555.77,Open
2627,48,2025-08-25,2025-09-09,6602.45,Paid
2628,13,2025-11-07,2025-12-07,2373.74,Paid
2629,80,2025-05-24,2025-06-23,1441.46,Paid
2630,60,2025-02-21,2025-03-23,5280.92,Paid
2631,65,2024-10-05,2024-12-04,1461.23,Open
2632,86,2025-05-04,2025-06-18,1274.4,Overdue
2633,31,2025-11-25,2026-01-09,6191.04,Paid
2634,4,2025-03-31,2025-04-15,1681.85,Paid
2635,26,2025-12-21,2026-02-04,1093.02,Open
2636,29,2025-06-21,2025-07-21,7144.74,Paid
2637,63,2025-09-03,2025-09-18,2968.56,Paid
2638,43,2024-11-07,2024-12-07,2486.7,Paid
2639,39,2024-06-16,2024-07-16,10985.06,Open
2640,44,2024-06-07,2024-07-07,950.82,Paid
2641,26,2025-08-27,2025-10-11,4482.54,Paid
2642,14,2024-06-03,2024-07-03,5057.65,Overdue
2643,109,2025-01-11,2025-02-25,418.91,Paid
2644,65,2025-05-25,2025-07-24,1307.96,Paid
2645,69,2024-02-29,2024-03-30,5927.56,Open
2646,42,2025-06-24,2025-07-24,3530.43,Open
2647,77,2025-09-28,2025-11-12,4033.48,Overdue
2648,6,2024-10-14,2024-12-13,2108.15,Paid
2649,89,2024-12-26,2025-02-24,637.21,Overdue
2650,19,2025-11-18,2026-01-17,5746.95,Open
2651,73,2025-10-05,2025-12-04,2725.78,Paid
2652,26,2025-03-26,2025-05-10,1530.2,Overdue
2653,94,2025-09-13,2025-10-28,1556.49,Paid
2654,112,2025-06-23,2025-08-07,2782.93,Paid
2655,53,2025-12-20,2026-02-18,219.52,Open
2656,106,2024-07-15,2024-08-29,1855.89,Paid
2657,15,2024-02-26,2024-03-27,6352.28,Paid
2658,104,2024-11-30,2024-12-15,4253.25,Paid
2659,86,2025-10-07,2025-10-22,4615.84,Paid
2660,94,2025-12-08,2026-01-22,1454.23,Paid
2661,41,2025-11-02,2025-12-17,5238.87,Open
2662,51,2025-08-08,2025-09-22,1014.98,Paid
2663,19,2025-01-21,2025-02-05,7932.64,Paid
2664,53,2024-02-10,2024-03-26,1970.64,Overdue
2665,91,2025-02-15,2025-04-01,4012.09,Paid
2666,20,2025-02-09,2025-03-11,1627.51,Open
2667,24,2024-01-10,2024-03-10,4960.69,Open
2668,95,2024-09-28,2024-10-28,1721.08,Overdue
2669,32,2024-03-19,2024-05-03,3894.52,Paid
2670,87,2024-05-13,2024-05-28,435.74,Paid
2671,93,2024-11-06,2024-12-21,1892.79,Overdue
2672,77,2025-08-14,2025-09-28,8305.93,Paid
2673,87,2025-09-13,2025-10-13,1917.32,Paid
2674,26,2025-04-01,2025-05-01,6492.06,Open
2675,21,2025-11-15,2026-01-14,4183.81,Paid
2676,116,2024-12-31,2025-02-14,4476.32,Paid
2677,42,2025-12-01,2025-12-31,1507.62,Paid
2678,33,2025-05-19,2025-07-18,846.87,Overdue
2679,22,2024-01-23,2024-02-22,6907.6,Paid
2680,72,2024-02-01,2024-03-02,559.13,Paid
2681,57,2024-03-09,2024-03-24,1113.85,Paid
2682,106,2024-06-23,2024-08-07,1080.19,Open
2683,42,2024-10-23,2024-11-22,2584.6,Overdue
2684,71,2024-04-17,2024-06-16,6703.53,Overdue
2685,67,2024-02-14,2024-02-29,5008.75,Paid
2686,63,2024-09-20,2024-10-20,3380.71,Overdue
2687,60,2025-11-14,2025-11-29,2401.43,Paid
2688,30,2024-08-01,2024-08-16,1206.73,Open
2689,73,2025-07-22,2025-08-21,1275.82,Paid
2690,55,2024-09-04,2024-10-04,1650.47,Paid
2691,32,2025-04-08,2025-04-23,1555.73,Paid
2692,21,2025-01-30,2025-03-16,1273.59,Paid
2693,23,2024-08-04,2024-10-03,2225.55,Paid
2694,25,2025-05-31,2025-06-15,3450.23,Paid
2695,19,2024-06-06,2024-06-21,3375.01,Paid
2696,85,2024-10-01,2024-11-15,3886.42,Paid
2697,6,2024-06-01,2024-07-31,2781.14,Overdue
2698,92,2024-06-12,2024-08-11,2603.79,Paid
2699,24,2025-10-18,2025-11-17,1412.62,Overdue
2700,64,2024-04-13,2024-05-28,2067.31,Paid
2701,14,2024-10-28,2024-12-27,2484.19,Overdue
2702,62,2024-04-28,2024-06-12,4466.8,Overdue
2703,41,2025-04-02,2025-05-17,4548.44,Paid
2704,12,2024-07-08,2024-08-22,2221.19,Open
2705,13,2024-11-06,2024-12-06,2456.82,Paid
2706,46,2024-06-27,2024-08-11,4210.96,Open
2707,112,2025-10-15,2025-11-14,7851.54,Paid
2708,67,2024-10-31,2024-11-15,2531.47,Paid
2709,115,2024-07-16,2024-09-14,4442.78,Paid
2710,5,2024-02-12,2024-03-13,2572.61,Paid
2711,54,2024-07-11,2024-07-26,2821.96,Paid
2712,117,2025-04-07,2025-05-07,1927.95,Paid
2713,12,2025-09-23,2025-10-08,1598.46,Open
2714,73,2024-12-20,2025-02-18,1792.38,Paid
2715,25,2024-07-13,2024-08-12,4854.26,Open
2716,108,2024-12-17,2025-01-31,6051.87,Paid
2717,33,2024-05-07,2024-06-21,1883.03,Paid
2718,35,2024-05-09,2024-07-08,1480.2,Paid
2719,74,2024-03-26,2024-04-10,1280.93,Paid
2720,53,2025-04-20,2025-06-04,5472.83,Open
2721,25,2025-08-28,2025-09-12,3891.42,Open
2722,106,2024-07-08,2024-09-06,2397.65,Paid
2723,73,2024-12-03,2024-12-18,5285.91,Open
2724,47,2024-09-23,2024-11-22,3389.59,Paid
2725,30,2025-04-19,2025-05-04,5925.77,Overdue
2726,87,2024-05-22,2024-07-21,2149.46,Overdue
2727,88,2025-04-08,2025-04-23,1863.59,Paid
2728,97,2024-03-08,2024-04-22,1937.55,Open
2729,31,2025-02-13,2025-04-14,1675.95,Paid
2730,80,2025-08-31,2025-10-15,5711.36,Paid
2731,66,2024-05-23,2024-07-22,1252.13,Overdue
2732,18,2024-11-21,2025-01-20,6094.53,Open
2733,40,2025-06-09,2025-07-09,939.84,Paid
2734,84,2025-06-03,2025-07-03,932.66,Paid
2735,3,2025-03-12,2025-03-27,2125.59,Paid
2736,73,2025-06-12,2025-08-11,3800.99,Paid
2737,81,2025-12-10,2026-01-09,4646.82,Paid
2738,25,2025-09-22,2025-11-06,3724.92,Paid
2739,19,2024-09-29,2024-10-14,982.29,Paid
2740,89,2025-09-08,2025-10-08,5362.43,Open
2741,103,2025-03-04,2025-05-03,2865.85,Paid
2742,40,2024-12-16,2024-12-31,3319.06,Open
2743,112,2025-02-09,2025-04-10,4538.82,Overdue
2744,96,2025-03-15,2025-03-30,3656.71,Overdue
2745,61,2025-10-18,2025-12-17,3492.78,Paid
2746,58,2024-01-24,2024-03-09,2112.92,Paid
2747,47,2024-02-17,2024-04-17,5366.64,Paid
2748,20,2025-07-11,2025-09-09,3736.78,Paid
2749,8,2025-08-07,2025-09-06,3799.47,Open
2750,37,2024-04-12,2024-05-27,4324.64,Overdue
2751,99,2024-03-11,2024-05-10,1142.61,Open
2752,17,2025-08-02,2025-08-17,3976.18,Paid
2753,113,2025-01-20,2025-03-06,594.81,Overdue
2754,65,2024-10-11,2024-11-25,2142.45,Overdue
2755,1,2024-03-07,2024-03-22,4240.4,Open
2756,9,2024-12-06,2025-02-04,1299.31,Paid
2757,90,2025-03-04,2025-04-18,1914.45,Paid
2758,57,2025-06-14,2025-08-13,2581.56,Paid
2759,15,2024-05-26,2024-06-10,2064.82,Paid
2760,7,2025-08-17,2025-10-01,1031.69,Paid
2761,24,2024-01-03,2024-02-02,3502.84,Open
2762,84,2024-08-31,2024-10-30,1285.19,Open
2763,93,2024-01-16,2024-02-15,737.97,Paid
2764,6,2025-11-11,2025-11-26,3881.13,Paid
2765,22,2024-12-01,2025-01-15,6260.11,Paid
2766,3,2025-02-25,2025-03-12,2215.37,Overdue
2767,63,2024-08-02,2024-10-01,5257.93,Paid
2768,32,2025-08-09,2025-09-23,1180.21,Paid
2769,18,2024-07-09,2024-08-08,1144.51,Open
2770,67,2025-07-29,2025-08-13,1402.55,Open
2771,119,2025-02-03,2025-03-05,3669.7,Paid
2772,50,2025-05-16,2025-06-15,1238.8,Paid
2773,86,2024-05-13,2024-05-28,5295.3,Open
2774,76,2025-07-01,2025-08-15,3248.06,Paid
2775,6,2025-08-04,2025-09-03,2114.07,Paid
2776,118,2024-03-12,2024-03-27,5605.75,Paid
2777,120,2024-10-26,2024-12-25,1090.31,Overdue
2778,35,2025-03-10,2025-05-09,2647.22,Paid
2779,49,2025-12-28,2026-01-27,4519.35,Overdue
2780,70,2024-06-25,2024-08-09,2014.13,Open
2781,90,2024-07-02,2024-08-01,3861.91,Paid
2782,44,2024-06-18,2024-07-18,2639.97,Paid
2783,45,2025-06-05,2025-07-20,295.21,Paid
2784,108,2024-11-26,2024-12-26,1924.31,Overdue
2785,96,2025-01-30,2025-03-01,52.15,Paid
2786,2,2024-06-26,2024-07-26,3368.4,Paid
2787,93,2025-03-10,2025-04-09,6748.29,Open
2788,39,2025-02-02,2025-03-04,724.69,Paid
2789,116,2024-12-04,2024-12-19,4255.34,Open
2790,62,2025-01-27,2025-02-26,4597.09,Paid
2791,32,2025-07-09,2025-07-24,6186.76,Paid
2792,6,2025-04-18,2025-05-18,657.95,Overdue
2793,95,2025-12-17,2026-01-01,1252.08,Open
2794,67,2025-10-10,2025-11-09,4737.13,Overdue
2795,106,2025-03-08,2025-05-07,2430.14,Open
2796,12,2024-09-11,2024-11-10,2285.09,Paid
2797,87,2024-02-09,2024-03-10,3785.37,Paid
2798,2,2025-11-24,2025-12-24,958.06,Paid
2799,48,2024-07-25,2024-09-23,3313.41,Paid
2800,17,2025-10-14,2025-10-29,2542.16,Open
2801,55,2024-01-22,2024-03-07,1789.04,Paid
2802,102,2024-05-14,2024-06-13,5910.18,Open
2803,61,2025-06-28,2025-07-28,5685.74,Paid
2804,41,2024-06-16,2024-08-15,5301.71,Paid
2805,7,2024-11-09,2025-01-08,3184.59,Paid
2806,91,2025-01-25,2025-03-26,5217.84,Paid
2807,1,2025-03-09,2025-04-23,729.01,Paid
2808,93,2025-04-21,2025-06-05,2360.0,Paid
2809,70,2025-02-21,2025-04-22,1778.33,Open
2810,80,2024-02-22,2024-04-07,1518.26,Open
2811,37,2025-02-03,2025-02-18,1317.27,Overdue
2812,83,2025-01-21,2025-03-22,1795.14,Paid
2813,70,2025-05-20,2025-07-04,3562.08,Paid
2814,15,2024-06-08,2024-06-23,3327.51,Paid
2815,114,2025-12-30,2026-02-13,1691.7,Paid
2816,2,2024-03-05,2024-05-04,991.73,Open
2817,37,2024-12-11,2025-02-09,1502.7,Open
2818,92,2025-07-22,2025-09-20,2826.56,Overdue
2819,85,2024-11-29,2025-01-28,1999.59,Open
2820,37,2024-08-05,2024-08-20,4510.84,Overdue
2821,53,2025-06-24,2025-07-09,4950.92,Overdue
2822,110,2024-03-01,2024-03-16,3417.46,Paid
2823,99,2024-07-01,2024-08-30,4303.73,Paid
2824,87,2025-05-19,2025-06-03,2304.01,Paid
2825,63,2024-12-01,2025-01-30,1578.0,Paid
2826,82,2025-10-07,2025-12-06,1115.95,Open
2827,5,2025-11-24,2026-01-08,2009.24,Paid
2828,81,2025-03-28,2025-04-27,2523.04,Paid
2829,14,2024-11-18,2025-01-02,2043.72,Paid
2830,62,2024-07-09,2024-08-23,2073.6,Paid
2831,45,2024-05-27,2024-06-11,1252.23,Paid
2832,46,2024-08-18,2024-09-17,1621.03,Open
2833,3,2025-10-10,2025-10-25,1305.8,Paid
2834,79,2025-07-06,2025-09-04,3919.12,Paid
2835,51,2025-11-17,2025-12-02,2764.43,Paid
2836,90,2025-12-28,2026-01-27,1356.99,Paid
2837,75,2025-10-10,2025-10-25,1325.92,Open
2838,51,2025-10-29,2025-12-13,4071.22,Paid
2839,28,2024-04-24,2024-06-23,1236.46,Paid
2840,45,2025-07-13,2025-09-11,2050.85,Overdue
2841,16,2024-01-15,2024-01-30,1079.84,Paid
2842,57,2025-09-15,2025-10-30,2781.5,Paid
2843,17,2024-05-24,2024-06-23,390.98,Paid
2844,73,2025-12-22,2026-02-20,562.19,Paid
2845,42,2025-05-13,2025-05-28,1945.65,Overdue
2846,60,2025-03-25,2025-05-24,398.4,Paid
2847,8,2024-04-28,2024-05-13,1022.26,Open
2848,23,2024-07-03,2024-09-01,3007.58,Paid
2849,69,2025-06-12,2025-07-27,6812.58,Paid
2850,21,2025-04-16,2025-05-16,1713.77,Open
2851,104,2024-07-02,2024-07-17,5113.81,Paid
2852,16,2024-08-14,2024-09-13,886.58,Paid
2853,78,2025-08-29,2025-10-28,3036.09,Paid
2854,41,2025-07-19,2025-08-03,748.67,Open
2855,100,2025-08-13,2025-09-12,2589.33,Paid
2856,47,2024-08-01,2024-08-31,7243.6,Open
2857,61,2024-12-11,2025-01-10,2080.31,Overdue
2858,40,2025-03-03,2025-03-18,1729.91,Open
2859,97,2025-05-16,2025-06-15,1774.35,Paid
2860,50,2024-07-21,2024-09-19,4052.21,Paid
2861,48,2024-11-22,2025-01-21,4306.31,Paid
2862,47,2024-03-17,2024-04-01,1069.84,Paid
2863,8,2025-04-26,2025-05-26,4503.51,Open
2864,96,2025-03-31,2025-04-30,2269.83,Paid
2865,50,2025-11-26,2026-01-25,3689.33,Open
2866,91,2025-07-09,2025-09-07,1305.77,Open
2867,60,2024-07-31,2024-08-15,1413.82,Overdue
2868,64,2024-02-22,2024-04-22,3758.59,Overdue
2869,108,2025-04-15,2025-06-14,977.26,Paid
2870,45,2024-09-23,2024-10-23,1185.7,Paid
2871,109,2025-03-22,2025-04-06,1805.64,Paid
2872,118,2025-05-16,2025-06-30,713.49,Paid
2873,32,2025-11-30,2026-01-29,5710.47,Paid
2874,46,2025-07-25,2025-08-24,2215.52,Paid
2875,97,2024-03-02,2024-04-01,2873.8,Paid
2876,101,2024-04-13,2024-05-28,2037.49,Paid
2877,96,2025-07-26,2025-09-09,2621.9,Overdue
2878,48,2024-09-25,2024-11-24,1145.86,Paid
2879,41,2025-07-20,2025-08-19,7248.25,Open
2880,64,2024-08-01,2024-08-31,3906.18,Paid
2881,25,2025-12-15,2026-01-14,7549.51,Overdue
2882,57,2024-05-14,2024-05-29,1201.74,Paid
2883,65,2024-11-30,2024-12-30,2756.65,Overdue
2884,48,2025-05-26,2025-06-25,4277.07,Paid
2885,35,2025-05-22,2025-06-06,6683.38,Paid
2886,29,2025-09-07,2025-10-07,4298.48,Paid
2887,23,2024-04-21,2024-06-20,5161.46,Paid
2888,34,2025-08-12,2025-09-26,6375.94,Paid
2889,55,2025-06-02,2025-06-17,2984.75,Open
2890,5,2025-04-14,2025-05-14,4336.31,Overdue
2891,33,2025-03-03,2025-05-02,1299.43,Paid
2892,64,2024-12-10,2025-01-24,1629.6,Overdue
2893,31,2024-05-19,2024-06-03,3264.62,Paid
2894,81,2024-01-13,2024-03-13,2702.62,Paid
2895,101,2024-10-03,2024-11-17,2499.17,Paid
2896,96,2024-09-13,2024-10-13,5144.14,Open
2897,60,2025-12-25,2026-01-24,2732.66,Overdue
2898,58,2025-09-06,2025-10-21,5329.5,Open
2899,28,2024-03-26,2024-04-10,878.26,Open
2900,67,2025-02-17,2025-04-03,2075.0,Paid
2901,81,2025-05-29,2025-06-28,1388.04,Open
2902,37,2025-09-14,2025-10-29,1574.49,Paid
2903,17,2025-07-18,2025-09-16,3431.56,Paid
2904,89,2024-11-07,2024-12-22,6985.62,Overdue
2905,104,2024-07-12,2024-08-11,2883.8,Overdue
2906,67,2025-04-14,2025-05-14,1958.04,Paid
2907,30,2025-05-12,2025-05-27,1885.25,Paid
2908,105,2024-03-20,2024-05-19,3036.12,Open
2909,52,2024-11-29,2024-12-14,4697.61,Open
2910,48,2025-07-16,2025-07-31,5250.11,Paid
2911,18,2025-08-12,2025-10-11,2952.41,Paid
2912,2,2024-08-13,2024-10-12,1052.06,Open
2913,49,2024-01-05,2024-02-19,3906.73,Paid
2914,48,2024-12-11,2025-01-10,2151.23,Overdue
2915,64,2024-12-11,2024-12-26,2142.4,Paid
2916,49,2025-05-26,2025-07-25,2011.98,Overdue
2917,25,2025-03-26,2025-05-25,6550.8,Open
2918,26,2024-10-13,2024-11-27,6141.79,Overdue
2919,11,2024-08-02,2024-10-01,1611.74,Paid
2920,49,2024-09-29,2024-10-29,2064.65,Paid
2921,46,2025-11-02,2025-11-17,1202.79,Paid
2922,42,2024-09-01,2024-09-16,1363.2,Paid
2923,55,2024-01-07,2024-02-06,8178.04,Paid
2924,44,2024-12-03,2025-01-02,2869.94,Paid
2925,23,2025-01-25,2025-02-09,4434.57,Open
2926,53,2024-02-04,2024-02-19,4309.87,Paid
2927,31,2024-05-04,2024-07-03,11654.97,Paid
2928,7,2024-08-23,2024-09-22,1310.04,Open
2929,75,2025-02-19,2025-04-05,1701.44,Overdue
2930,67,2024-07-02,2024-08-31,3370.47,Open
2931,97,2025-05-21,2025-06-05,895.86,Overdue
2932,6,2025-04-23,2025-05-08,2200.67,Paid
2933,87,2025-05-20,2025-07-19,5264.42,Overdue
2934,54,2024-06-17,2024-08-16,635.27,Paid
2935,99,2025-09-10,2025-10-10,1009.66,Overdue
2936,41,2024-01-29,2024-02-28,1190.14,Paid
2937,104,2025-05-13,2025-06-27,5729.14,Overdue
2938,107,2025-06-08,2025-06-23,2392.76,Overdue
2939,62,2024-07-10,2024-09-08,878.57,Paid
2940,55,2025-04-18,2025-06-02,1833.01,Paid
2941,43,2025-09-03,2025-10-03,5102.08,Paid
2942,6,2025-02-28,2025-04-14,2476.39,Paid
2943,110,2025-08-22,2025-09-06,3237.86,Paid
2944,87,2024-01-10,2024-02-09,3730.65,Open
2945,16,2025-09-20,2025-10-05,2144.43,Open
2946,36,2025-02-05,2025-04-06,1873.12,Open
2947,69,2025-12-08,2026-01-22,1562.86,Overdue
2948,35,2025-12-29,2026-01-13,3516.69,Paid
2949,81,2024-05-03,2024-07-02,952.14,Paid
2950,55,2024-08-17,2024-10-01,5606.7,Open
2951,74,2025-01-30,2025-03-16,3194.45,Paid
2952,117,2024-04-22,2024-06-21,760.49,Open
2953,110,2024-02-15,2024-03-31,2303.55,Paid
2954,27,2024-05-14,2024-07-13,5818.54,Paid
2955,12,2025-06-04,2025-07-04,6237.05,Paid
2956,71,2025-03-19,2025-05-03,2128.96,Open
2957,98,2024-02-19,2024-04-04,792.59,Paid
2958,55,2025-04-15,2025-05-30,3467.58,Paid
2959,19,2024-03-21,2024-05-20,4732.6,Overdue
2960,53,2025-01-07,2025-01-22,2615.68,Paid
2961,53,2024-09-28,2024-10-28,2151.07,Overdue
2962,72,2025-05-24,2025-07-08,836.7,Paid
2963,3,2025-06-04,2025-08-03,2527.82,Paid
2964,29,2025-02-13,2025-03-30,8582.41,Paid
2965,35,2024-07-22,2024-09-05,1451.1,Open
2966,110,2025-01-30,2025-03-16,4127.0,Overdue
2967,37,2024-10-20,2024-11-04,1948.53,Paid
2968,36,2025-10-21,2025-12-20,5158.12,Open
2969,7,2024-02-24,2024-03-10,2743.73,Paid
2970,77,2025-10-08,2025-10-23,3209.07,Open
2971,16,2025-04-10,2025-06-09,2753.99,Open
2972,51,2025-07-13,2025-08-27,594.42,Open
2973,18,2024-11-19,2025-01-18,2473.42,Open
2974,59,2024-11-05,2024-11-20,7568.5,Paid
2975,2,2024-11-19,2025-01-03,3009.51,Open
2976,84,2025-03-12,2025-04-11,2026.36,Paid
2977,3,2024-11-24,2025-01-08,5374.21,Paid
2978,54,2025-03-04,2025-05-03,2557.34,Open
2979,61,2025-09-13,2025-11-12,1539.91,Open
2980,71,2025-05-04,2025-06-18,8782.61,Paid
2981,101,2024-02-03,2024-03-04,6748.83,Paid
2982,34,2025-05-06,2025-07-05,8267.79,Paid
2983,72,2024-03-06,2024-04-20,5573.32,Paid
2984,36,2025-04-19,2025-06-03,3743.47,Paid
2985,41,2024-01-25,2024-03-10,2123.65,Open
2986,19,2024-09-28,2024-10-13,3438.07,Paid
2987,83,2025-03-06,2025-04-05,1508.38,Overdue
2988,10,2025-05-08,2025-07-07,1499.42,Paid
2989,105,2024-08-15,2024-09-29,1723.91,Paid
2990,52,2024-11-03,2024-11-18,2554.84,Paid
2991,63,2025-08-04,2025-09-18,345.9,Paid
2992,20,2024-09-01,2024-10-31,1547.72,Paid
2993,117,2025-06-17,2025-08-16,1714.67,Paid
2994,68,2024-01-10,2024-02-24,4572.33,Paid
2995,29,2024-05-09,2024-07-08,5235.47,Paid
2996,5,2024-01-27,2024-02-11,5342.87,Open
2997,82,2024-04-27,2024-05-12,2568.57,Paid
2998,111,2024-12-27,2025-01-11,2166.6,Paid
2999,15,2025-08-04,2025-08-19,3311.08,Open
3000,112,2025-05-27,2025-07-26,2829.86,Paid
3001,95,2024-09-11,2024-11-10,688.12,Open
3002,104,2025-07-11,2025-08-10,3841.12,Open
3003,55,2025-05-07,2025-06-21,1642.58,Overdue
3004,103,2025-09-10,2025-09-25,1452.41,Overdue
3005,87,2025-12-06,2026-01-05,2037.26,Paid
3006,79,2025-08-06,2025-09-20,3446.4,Paid
3007,65,2024-03-29,2024-05-28,469.07,Overdue
3008,32,2024-02-12,2024-04-12,7287.64,Open
3009,36,2025-12-22,2026-02-05,3370.94,Paid
3010,42,2025-12-04,2026-02-02,4441.83,Paid
3011,56,2025-01-30,2025-03-01,1947.44,Paid
3012,16,2024-05-14,2024-06-28,4728.12,Paid
3013,81,2024-07-03,2024-08-02,1824.44,Paid
3014,91,2024-11-21,2024-12-06,1058.57,Open
3015,87,2024-05-04,2024-07-03,1322.6,Overdue
3016,71,2024-10-01,2024-11-30,3949.7,Paid
3017,24,2025-09-14,2025-11-13,2348.3,Overdue
3018,114,2025-11-20,2026-01-04,3064.77,Paid
3019,73,2024-06-01,2024-07-31,1717.21,Overdue
3020,81,2024-11-09,2024-12-09,2535.38,Paid
3021,108,2025-08-31,2025-10-15,1698.47,Paid
3022,13,2024-04-28,2024-05-28,3282.88,Overdue
3023,92,2024-08-01,2024-09-15,2511.99,Paid
3024,111,2025-05-27,2025-07-11,1884.63,Paid
3025,42,2024-10-17,2024-11-01,4965.26,Overdue
3026,97,2025-10-29,2025-11-13,2307.06,Paid
3027,74,2025-12-26,2026-01-10,1271.11,Paid
3028,22,2025-06-12,2025-08-11,2290.95,Overdue
3029,118,2024-08-29,2024-10-28,8067.35,Open
3030,16,2025-06-27,2025-07-27,2258.43,Paid
3031,21,2024-07-16,2024-08-15,2920.63,Overdue
3032,119,2025-07-30,2025-08-14,3125.24,Overdue
3033,74,2024-12-06,2025-02-04,2293.49,Overdue
3034,16,2025-12-11,2026-01-10,2781.2,Paid
3035,66,2025-06-22,2025-08-21,2240.09,Paid
3036,77,2025-07-13,2025-08-12,3027.91,Overdue
3037,58,2025-11-11,2025-12-11,873.43,Open
3038,118,2024-09-27,2024-11-26,1821.12,Paid
3039,103,2024-08-11,2024-10-10,762.52,Paid
3040,31,2024-01-19,2024-02-18,1395.74,Open
3041,42,2025-01-19,2025-03-05,2894.68,Paid
3042,74,2024-03-02,2024-03-17,533.32,Open
3043,6,2025-04-07,2025-04-22,1198.2,Open
3044,17,2024-02-20,2024-04-20,3708.9,Paid
3045,96,2024-04-08,2024-05-08,3127.87,Paid
3046,21,2024-04-13,2024-04-28,10790.31,Open
3047,115,2025-05-21,2025-06-05,1920.11,Paid
3048,60,2024-12-07,2025-01-21,1417.78,Overdue
3049,43,2025-10-25,2025-11-24,2184.75,Overdue
3050,71,2025-03-14,2025-04-13,5237.74,Paid
3051,15,2025-03-11,2025-04-25,1902.59,Paid
3052,86,2025-05-06,2025-06-20,2613.0,Overdue
3053,19,2025-08-12,2025-10-11,4589.22,Open
3054,92,2025-03-14,2025-03-29,5822.89,Paid
3055,68,2025-10-15,2025-12-14,2701.39,Paid
3056,84,2025-07-22,2025-09-05,2084.28,Overdue
3057,104,2025-09-15,2025-11-14,2167.8,Overdue
3058,9,2025-10-06,2025-11-20,8344.11,Open
3059,68,2024-11-09,2024-11-24,3804.19,Paid
3060,8,2025-12-30,2026-01-29,2670.33,Open
3061,61,2024-08-02,2024-08-17,8775.23,Open
3062,50,2024-05-22,2024-07-06,1850.64,Paid
3063,118,2024-06-27,2024-08-11,1535.1,Paid
3064,87,2024-05-30,2024-06-29,1570.26,Overdue
3065,54,2024-12-28,2025-02-26,4142.73,Paid
3066,103,2024-02-21,2024-04-21,2337.29,Open
3067,61,2024-06-19,2024-08-03,1442.52,Paid
3068,19,2025-08-12,2025-09-26,5065.71,Paid
3069,118,2025-11-30,2025-12-30,1579.97,Open
3070,106,2024-08-20,2024-10-19,2174.68,Paid
3071,8,2024-01-18,2024-03-03,3063.63,Overdue
3072,6,2024-06-02,2024-08-01,837.76,Paid
3073,115,2024-12-25,2025-01-09,1320.71,Paid
3074,47,2024-01-31,2024-03-31,3777.47,Paid
3075,11,2024-02-09,2024-03-10,3437.1,Paid
3076,41,2025-06-30,2025-07-15,2147.51,Paid
3077,22,2024-03-16,2024-04-30,2304.81,Paid
3078,62,2024-04-23,2024-05-08,5753.58,Paid
3079,104,2024-10-04,2024-10-19,3987.36,Open
3080,10,2025-11-06,2025-12-06,1104.61,Paid
3081,11,2024-06-04,2024-08-03,486.52,Paid
3082,65,2025-05-17,2025-06-16,3251.18,Paid
3083,69,2025-05-16,2025-06-30,3360.15,Paid
3084,54,2024-08-10,2024-10-09,2567.71,Paid
3085,39,2025-08-07,2025-09-06,1615.38,Paid
3086,66,2025-03-21,2025-04-05,2914.67,Open
3087,54,2024-03-09,2024-03-24,3781.01,Open
3088,51,2025-04-30,2025-05-15,3188.96,Paid
3089,117,2024-06-15,2024-08-14,1198.69,Paid
3090,97,2025-07-04,2025-08-03,4868.76,Paid
3091,22,2024-12-23,2025-02-06,1637.34,Paid
3092,37,2025-02-09,2025-03-26,1667.15,Paid
3093,42,2025-01-12,2025-01-27,2008.72,Paid
3094,2,2025-05-08,2025-06-22,9491.2,Paid
3095,43,2025-12-03,2025-12-18,2399.76,Paid
3096,79,2024-09-18,2024-11-17,4242.06,Paid
3097,71,2025-05-22,2025-07-21,3319.91,Paid
3098,31,2024-12-16,2025-01-30,2833.55,Paid
3099,71,2025-09-12,2025-11-11,1689.16,Paid
3100,15,2025-05-26,2025-07-25,1241.42,Paid
3101,28,2024-10-24,2024-12-08,2510.75,Overdue
3102,109,2025-09-26,2025-11-25,3700.15,Paid
3103,27,2024-12-07,2025-01-21,2410.28,Paid
3104,21,2024-06-16,2024-08-15,6073.4,Paid
3105,6,2025-11-11,2025-11-26,498.28,Open
3106,104,2024-09-04,2024-10-04,1913.66,Open
3107,76,2025-09-26,2025-10-11,4303.61,Open
3108,105,2025-12-12,2026-02-10,4254.87,Overdue
3109,61,2024-08-01,2024-08-16,3503.04,Paid
3110,103,2025-05-05,2025-06-04,1845.18,Overdue
3111,72,2024-01-18,2024-03-03,4311.36,Overdue
3112,33,2025-06-03,2025-07-18,2047.12,Paid
3113,28,2025-05-26,2025-07-10,5389.35,Paid
3114,47,2025-08-05,2025-09-04,1776.32,Overdue
3115,48,2024-10-11,2024-12-10,2229.01,Paid
3116,11,2025-05-16,2025-07-15,943.46,Overdue
3117,20,2024-05-13,2024-06-12,7091.12,Paid
3118,19,2024-05-28,2024-07-12,1441.69,Open
3119,21,2024-12-13,2025-02-11,2991.06,Paid
3120,65,2025-05-04,2025-06-03,2283.16,Paid
3121,104,2025-07-04,2025-08-18,4284.36,Paid
3122,31,2024-09-03,2024-10-03,2795.44,Open
3123,30,2024-09-19,2024-11-18,5037.85,Paid
3124,23,2024-03-09,2024-04-08,4238.08,Open
3125,74,2025-02-19,2025-03-06,2636.49,Paid
3126,70,2024-07-17,2024-08-01,4351.68,Overdue
3127,21,2024-09-09,2024-10-09,742.41,Overdue
3128,117,2025-09-06,2025-10-21,781.55,Paid
3129,5,2024-12-29,2025-01-28,2828.9,Open
3130,84,2024-05-30,2024-06-29,815.21,Paid
3131,5,2025-08-25,2025-10-09,852.11,Paid
3132,38,2024-11-16,2025-01-15,3575.47,Paid
3133,38,2025-01-18,2025-03-04,664.16,Open
3134,51,2024-02-26,2024-03-12,3464.24,Overdue
3135,76,2025-10-17,2025-11-01,2935.11,Paid
3136,116,2024-08-20,2024-10-04,2409.61,Paid
3137,107,2025-10-19,2025-12-03,4060.82,Paid
3138,9,2025-03-08,2025-04-07,8427.18,Open
3139,68,2025-01-08,2025-02-07,891.67,Paid
3140,70,2025-08-02,2025-10-01,1626.23,Open
3141,37,2024-02-22,2024-03-08,1655.56,Overdue
3142,40,2024-08-19,2024-09-18,1002.71,Paid
3143,30,2024-01-13,2024-01-28,3457.1,Open
3144,61,2025-01-16,2025-01-31,1906.23,Paid
3145,65,2024-12-24,2025-01-08,6773.93,Paid
3146,100,2024-09-24,2024-10-09,4320.29,Overdue
3147,39,2025-02-05,2025-03-07,1281.71,Overdue
3148,7,2024-07-22,2024-08-21,7118.2,Open
3149,2,2024-05-08,2024-06-07,2309.04,Open
3150,37,2024-02-13,2024-03-14,7146.31,Paid
3151,34,2024-05-11,2024-07-10,5487.46,Paid
3152,46,2025-04-22,2025-06-06,3106.01,Overdue
3153,83,2024-03-10,2024-04-24,2376.47,Paid
3154,99,2025-08-24,2025-10-23,4232.09,Paid
3155,45,2024-12-10,2025-01-09,1078.81,Paid
3156,68,2024-03-03,2024-03-18,658.83,Open
3157,72,2025-10-16,2025-12-15,878.89,Paid
3158,91,2024-01-29,2024-03-14,3449.0,Paid
3159,74,2024-06-18,2024-07-03,3808.14,Paid
3160,13,2024-04-19,2024-06-18,716.86,Open
3161,114,2024-03-25,2024-04-09,2467.84,Open
3162,16,2024-07-26,2024-09-09,180.62,Overdue
3163,98,2024-02-15,2024-03-31,6031.91,Paid
3164,47,2025-09-07,2025-09-22,2526.07,Paid
3165,85,2024-06-10,2024-06-25,2138.55,Open
3166,101,2025-08-23,2025-10-22,1114.43,Paid
3167,110,2025-02-25,2025-04-11,3590.54,Open
3168,25,2025-06-19,2025-07-19,6676.37,Paid
3169,92,2024-09-30,2024-11-29,1508.28,Paid
3170,66,2025-02-23,2025-03-10,2162.71,Paid
3171,78,2025-06-20,2025-08-04,331.15,Paid
3172,3,2025-08-13,2025-08-28,1669.39,Paid
3173,67,2025-06-10,2025-06-25,1637.11,Paid
3174,36,2024-09-27,2024-11-26,4414.41,Paid
3175,3,2024-01-29,2024-02-13,2608.68,Open
3176,12,2024-09-22,2024-10-07,5203.5,Overdue
3177,42,2025-03-24,2025-04-08,1646.78,Open
3178,112,2024-07-14,2024-07-29,1205.46,Paid
3179,97,2024-10-19,2024-12-18,581.44,Paid
3180,91,2024-03-03,2024-04-02,2172.5,Paid
3181,105,2024-11-07,2024-12-22,1804.86,Paid
3182,94,2024-06-25,2024-07-10,1848.77,Paid
3183,38,2025-11-18,2026-01-17,3206.8,Overdue
3184,19,2025-10-29,2025-11-28,1252.27,Paid
3185,34,2024-09-02,2024-11-01,3904.28,Overdue
3186,18,2024-07-03,2024-08-17,3352.09,Open
3187,13,2024-02-22,2024-03-08,1506.92,Overdue
3188,13,2024-05-03,2024-06-17,708.01,Paid
3189,48,2025-01-04,2025-03-05,2853.41,Paid
3190,8,2024-02-08,2024-03-09,2735.88,Paid
3191,45,2024-10-14,2024-12-13,3522.98,Overdue
3192,13,2025-11-18,2026-01-17,5054.64,Open
3193,44,2025-01-06,2025-03-07,2452.59,Paid
3194,59,2025-01-03,2025-03-04,2602.58,Paid
3195,97,2025-08-14,2025-10-13,1582.38,Paid
3196,70,2025-06-23,2025-08-07,7134.76,Overdue
3197,37,2024-12-29,2025-02-12,3544.83,Overdue
3198,117,2025-09-13,2025-10-28,1481.99,Open
3199,32,2025-07-13,2025-08-12,2091.51,Open
3200,76,2024-04-07,2024-06-06,2896.47,Open
3201,41,2024-01-31,2024-03-16,6687.2,Paid
3202,4,2024-05-28,2024-07-12,3531.88,Paid
3203,42,2025-02-01,2025-03-03,2177.34,Open
3204,60,2025-05-03,2025-06-02,2293.24,Paid
3205,14,2025-08-27,2025-10-26,3863.93,Paid
3206,103,2025-06-29,2025-07-29,2078.77,Overdue
3207,56,2025-11-07,2025-12-07,2853.12,Overdue
3208,120,2024-03-27,2024-04-11,5558.36,Open
3209,58,2024-07-23,2024-08-22,689.33,Open
3210,34,2024-09-15,2024-11-14,2876.24,Paid
3211,89,2024-12-11,2025-01-25,441.0,Paid
3212,22,2024-12-02,2024-12-17,1499.01,Overdue
3213,45,2024-01-09,2024-03-09,214.22,Open
3214,95,2025-12-22,2026-01-06,1068.12,Overdue
3215,88,2025-10-14,2025-11-13,3756.58,Open
3216,87,2025-09-29,2025-11-28,9830.6,Paid
3217,72,2025-12-31,2026-01-15,2412.34,Paid
3218,57,2025-11-12,2025-12-27,3688.75,Paid
3219,59,2024-01-31,2024-03-16,1861.11,Overdue
3220,4,2025-04-15,2025-06-14,976.33,Paid
3221,10,2024-03-02,2024-04-01,1754.16,Overdue
3222,91,2024-12-01,2025-01-30,2687.87,Paid
3223,107,2024-10-10,2024-12-09,2273.85,Paid
3224,9,2024-04-03,2024-06-02,1955.15,Open
3225,72,2024-04-12,2024-04-27,2899.04,Open
3226,71,2025-03-25,2025-05-24,1524.14,Overdue
3227,109,2024-02-13,2024-02-28,4059.46,Paid
3228,69,2025-01-10,2025-02-09,3598.15,Paid
3229,10,2025-05-21,2025-07-05,7221.75,Paid
3230,111,2025-06-23,2025-08-22,4269.64,Open
3231,54,2025-06-26,2025-08-10,2110.95,Paid
3232,38,2024-04-05,2024-06-04,1892.93,Open
3233,73,2025-12-06,2025-12-21,968.28,Paid
3234,105,2025-07-02,2025-08-16,4057.93,Paid
3235,48,2025-03-28,2025-04-12,2454.87,Paid
3236,46,2025-10-25,2025-11-09,4716.86,Paid
3237,8,2024-10-05,2024-11-19,3039.73,Open
3238,75,2024-02-25,2024-03-26,5195.52,Overdue
3239,89,2024-09-19,2024-11-18,5561.13,Overdue
3240,102,2025-09-21,2025-11-05,3859.29,Paid
3241,72,2025-08-18,2025-10-02,2254.96,Paid
3242,101,2024-12-31,2025-01-15,3094.81,Open
3243,109,2025-12-19,2026-02-17,1153.63,Paid
3244,17,2025-02-01,2025-02-16,3295.27,Paid
3245,109,2025-03-14,2025-03-29,4228.31,Overdue
3246,70,2024-10-18,2024-12-17,3698.11,Paid
3247,91,2024-10-11,2024-11-10,2012.34,Paid
3248,83,2024-02-05,2024-02-20,2725.84,Overdue
3249,108,2025-10-09,2025-11-08,2886.65,Paid
3250,90,2025-11-23,2025-12-08,1060.33,Overdue
3251,20,2024-03-14,2024-04-28,3001.14,Paid
3252,37,2025-04-22,2025-06-21,4404.67,Paid
3253,79,2025-12-17,2026-01-31,3921.36,Overdue
3254,117,2024-03-30,2024-04-29,3353.77,Overdue
3255,53,2025-01-30,2025-03-31,6083.77,Paid
3256,28,2024-07-01,2024-07-16,822.46,Open
3257,43,2025-07-05,2025-08-04,600.82,Paid
3258,54,2025-11-25,2026-01-09,5037.19,Open
3259,44,2024-12-03,2025-02-01,615.81,Paid
3260,42,2025-07-12,2025-08-26,2814.08,Paid
3261,4,2024-10-03,2024-10-18,1881.65,Paid
3262,58,2025-05-20,2025-07-19,2375.74,Paid
3263,35,2025-09-11,2025-09-26,2983.31,Paid
3264,119,2025-04-18,2025-06-02,2199.85,Paid
3265,29,2025-12-28,2026-01-27,1485.86,Paid
3266,89,2025-01-04,2025-03-05,6315.34,Paid
3267,62,2024-07-13,2024-08-27,2428.49,Paid
3268,22,2025-11-13,2025-12-28,2147.87,Overdue
3269,68,2024-07-26,2024-09-09,3853.99,Paid
3270,88,2025-05-29,2025-06-13,1991.52,Open
3271,94,2025-01-24,2025-03-25,2899.31,Paid
3272,7,2024-08-11,2024-09-25,6130.85,Open
3273,97,2024-08-03,2024-08-18,2488.0,Overdue
3274,101,2024-05-20,2024-07-19,1876.03,Paid
3275,100,2024-05-12,2024-05-27,1992.11,Open
3276,49,2025-03-01,2025-04-15,6471.18,Paid
3277,81,2024-02-19,2024-03-20,2039.48,Overdue
3278,1,2025-03-01,2025-03-16,5184.39,Paid
3279,109,2024-07-24,2024-09-22,5300.94,Open
3280,94,2025-05-09,2025-07-08,1037.67,Overdue
3281,92,2025-01-22,2025-03-08,3993.91,Paid
3282,75,2024-05-13,2024-07-12,1536.55,Paid
3283,38,2025-03-08,2025-04-07,2713.3,Paid
3284,81,2025-07-18,2025-08-02,2142.57,Paid
3285,112,2025-02-09,2025-03-26,5509.95,Paid
3286,40,2024-06-15,2024-06-30,5312.77,Paid
3287,42,2025-06-08,2025-07-23,3372.83,Open
3288,117,2025-08-14,2025-09-13,418.35,Open
3289,86,2025-09-22,2025-10-22,3559.04,Paid
3290,43,2024-04-15,2024-05-30,4204.48,Paid
3291,62,2024-12-09,2025-01-23,3192.71,Open
3292,6,2025-03-01,2025-03-31,2717.85,Overdue
3293,42,2025-03-13,2025-04-27,3332.35,Overdue
3294,95,2025-01-02,2025-03-03,5765.97,Paid
3295,29,2024-10-20,2024-12-04,4493.9,Open
3296,34,2024-01-27,2024-03-27,856.42,Paid
3297,28,2025-03-17,2025-04-01,1980.74,Paid
3298,3,2024-08-23,2024-09-22,1669.66,Overdue
3299,83,2024-08-14,2024-08-29,1749.96,Paid
3300,51,2025-12-01,2025-12-31,870.43,Overdue
3301,84,2024-11-11,2024-11-26,1540.87,Paid
3302,24,2025-08-30,2025-10-29,4089.45,Paid
3303,95,2025-11-14,2025-12-29,2038.85,Open
3304,7,2024-01-23,2024-02-07,2820.5,Paid
3305,30,2025-08-13,2025-10-12,628.46,Paid
3306,64,2024-07-23,2024-08-07,424.82,Overdue
3307,68,2024-11-01,2024-12-31,671.85,Overdue
3308,70,2025-01-01,2025-01-16,531.3,Paid
3309,66,2024-02-17,2024-03-03,3524.69,Paid
3310,88,2024-02-25,2024-04-25,5555.84,Paid
3311,25,2025-04-19,2025-06-03,4952.2,Paid
3312,109,2024-11-23,2025-01-07,2747.26,Overdue
3313,25,2025-10-20,2025-12-19,2142.48,Paid
3314,117,2024-09-02,2024-11-01,981.52,Paid
3315,108,2024-03-21,2024-05-20,4746.64,Paid
3316,4,2025-01-16,2025-03-17,1974.68,Overdue
3317,110,2024-10-18,2024-12-02,3245.44,Paid
3318,85,2024-07-14,2024-08-28,2379.73,Paid
3319,96,2024-07-17,2024-08-31,1272.56,Paid
3320,104,2025-09-28,2025-10-28,1125.01,Overdue
3321,73,2025-05-04,2025-06-03,1143.68,Paid
3322,4,2025-10-08,2025-12-07,3863.78,Open
3323,36,2024-12-02,2025-01-31,1228.33,Paid
3324,100,2024-08-01,2024-08-31,2893.49,Paid
3325,104,2025-07-23,2025-08-07,3730.62,Open
3326,47,2025-05-13,2025-06-27,4006.14,Open
3327,51,2024-01-05,2024-03-05,2225.62,Paid
3328,96,2025-05-21,2025-07-05,3130.67,Paid
3329,61,2025-10-04,2025-10-19,594.77,Paid
3330,60,2024-02-08,2024-04-08,4348.74,Open
3331,8,2024-06-28,2024-08-27,1113.07,Open
3332,67,2025-11-06,2025-11-21,2387.24,Open
3333,31,2024-07-27,2024-09-10,1198.87,Open
3334,97,2025-07-12,2025-08-26,2830.51,Open
3335,3,2024-12-14,2025-01-13,2005.11,Paid
3336,67,2024-06-09,2024-07-09,2924.89,Overdue
3337,103,2024-07-07,2024-08-06,1215.62,Overdue
3338,109,2025-07-21,2025-09-19,8906.75,Paid
3339,44,2024-04-24,2024-06-08,2351.62,Open
3340,14,2024-05-21,2024-06-05,3263.17,Open
3341,79,2024-09-01,2024-10-16,2264.0,Paid
3342,50,2025-03-12,2025-03-27,2940.32,Paid
3343,92,2024-07-11,2024-08-10,1269.67,Paid
3344,26,2025-06-13,2025-06-28,1749.35,Open
3345,2,2024-03-06,2024-03-21,4672.78,Overdue
3346,55,2024-09-28,2024-10-28,2105.47,Open
3347,100,2024-06-22,2024-07-22,3080.46,Open
3348,49,2025-09-03,2025-10-03,2216.96,Paid
3349,110,2024-03-02,2024-05-01,2009.61,Overdue
3350,97,2024-12-24,2025-01-23,3159.82,Paid
3351,5,2024-11-03,2024-12-18,1968.67,Paid
3352,37,2024-11-09,2024-12-09,6186.61,Paid
3353,14,2024-06-24,2024-08-08,3180.92,Overdue
3354,58,2024-02-12,2024-02-27,2510.55,Open
3355,120,2024-08-21,2024-10-20,2094.18,Paid
3356,15,2024-08-03,2024-10-02,5845.56,Paid
3357,93,2025-07-19,2025-08-18,1576.45,Paid
3358,23,2024-04-27,2024-06-26,1659.08,Paid
3359,80,2025-09-16,2025-10-31,2336.29,Overdue
3360,32,2025-04-15,2025-04-30,2377.45,Paid
3361,86,2025-02-20,2025-04-06,2556.6,Paid
3362,55,2024-08-22,2024-10-21,4372.83,Paid
3363,35,2025-04-02,2025-05-02,1451.2,Open
3364,98,2024-01-22,2024-03-07,4847.19,Overdue
3365,56,2025-03-20,2025-05-19,2382.39,Open
3366,109,2025-02-20,2025-03-07,2966.22,Open
3367,2,2025-02-10,2025-04-11,10824.4,Open
3368,98,2025-03-26,2025-05-25,2290.29,Overdue
3369,34,2024-11-08,2024-11-23,1343.53,Paid
3370,32,2025-11-24,2025-12-24,7468.45,Overdue
3371,118,2024-12-04,2025-01-18,3118.37,Overdue
3372,91,2024-11-02,2024-12-02,1450.49,Open
3373,38,2025-08-17,2025-09-01,2161.75,Open
3374,47,2024-09-14,2024-10-14,2915.98,Overdue
3375,99,2025-06-17,2025-08-16,2681.6,Paid
3376,73,2024-08-27,2024-10-26,1560.97,Open
3377,62,2025-10-06,2025-10-21,4713.98,Paid
3378,56,2025-10-05,2025-12-04,2131.77,Open
3379,84,2024-08-29,2024-10-28,2512.57,Open
3380,107,2025-01-05,2025-02-04,2912.2,Paid
3381,119,2024-07-13,2024-08-12,2538.36,Overdue
3382,67,2025-01-18,2025-03-04,2008.85,Paid
3383,49,2024-02-20,2024-04-20,3613.93,Paid
3384,49,2025-07-11,2025-08-25,1170.49,Open
3385,107,2025-08-29,2025-09-28,3968.24,Overdue
3386,83,2025-11-18,2026-01-17,7081.85,Paid
3387,20,2025-10-15,2025-11-29,1707.65,Paid
3388,42,2025-08-29,2025-10-13,3301.06,Paid
3389,101,2025-09-23,2025-11-22,5243.44,Open
3390,47,2024-07-14,2024-09-12,606.8,Paid
3391,18,2025-01-06,2025-01-21,1146.96,Overdue
3392,93,2024-05-24,2024-06-08,1574.43,Paid
3393,67,2025-07-23,2025-08-07,629.09,Open
3394,70,2025-12-17,2026-01-16,1584.26,Overdue
3395,84,2024-07-21,2024-09-04,1045.45,Overdue
3396,86,2025-09-17,2025-11-16,5583.25,Open
3397,89,2025-01-23,2025-02-07,946.45,Paid
3398,29,2024-05-15,2024-06-29,976.8,Paid
3399,105,2025-01-17,2025-03-03,4121.97,Open
3400,97,2024-10-05,2024-11-04,5873.03,Overdue
3401,116,2025-05-10,2025-06-09,6354.65,Overdue
3402,53,2025-12-11,2026-02-09,3415.8,Paid
3403,24,2025-05-28,2025-07-27,4963.62,Paid
3404,107,2025-06-05,2025-06-20,2069.4,Paid
3405,56,2025-03-23,2025-04-07,2455.84,Paid
3406,98,2024-12-08,2025-01-22,5870.57,Overdue
3407,117,2024-07-07,2024-09-05,3822.91,Paid
3408,12,2025-02-04,2025-04-05,2715.43,Paid
3409,44,2025-07-05,2025-08-04,5406.72,Overdue
3410,112,2024-09-23,2024-11-22,8024.9,Overdue
3411,45,2024-06-04,2024-07-19,730.86,Paid
3412,91,2024-10-04,2024-10-19,1769.77,Paid
3413,85,2024-07-11,2024-09-09,2597.14,Paid
3414,115,2024-11-20,2025-01-04,2299.45,Paid
3415,23,2025-11-09,2025-12-09,2186.16,Open
3416,53,2025-04-20,2025-06-19,1841.02,Overdue
3417,119,2024-03-15,2024-04-14,4784.37,Paid
3418,54,2025-06-21,2025-07-06,3754.91,Paid
3419,40,2025-11-14,2025-12-29,5933.14,Open
3420,5,2025-12-09,2025-12-24,5322.62,Paid
3421,15,2024-08-12,2024-10-11,4636.21,Paid
3422,23,2025-01-01,2025-02-15,2488.79,Paid
3423,8,2025-02-03,2025-02-18,1102.14,Paid
3424,17,2024-07-01,2024-07-16,2679.52,Overdue
3425,70,2024-04-30,2024-05-30,5514.08,Open
3426,90,2024-01-29,2024-02-28,1766.98,Paid
3427,6,2024-09-17,2024-10-02,2236.82,Overdue
3428,19,2024-01-15,2024-02-29,3235.64,Paid
3429,100,2025-05-27,2025-07-11,2309.21,Open
3430,109,2025-12-02,2026-01-16,2484.96,Paid
3431,106,2024-02-12,2024-04-12,2445.6,Paid
3432,82,2025-04-03,2025-05-18,6607.64,Overdue
3433,49,2025-11-18,2026-01-02,3851.66,Paid
3434,63,2024-06-23,2024-07-08,3261.38,Paid
3435,19,2024-09-16,2024-10-31,1871.7,Paid
3436,103,2025-10-29,2025-12-28,1269.09,Paid
3437,9,2025-06-12,2025-07-12,4603.06,Open
3438,24,2024-01-12,2024-03-12,1816.19,Open
3439,53,2024-12-06,2025-02-04,5102.46,Overdue
3440,120,2025-12-01,2025-12-16,3669.52,Paid
3441,30,2024-08-28,2024-09-12,2835.93,Overdue
3442,90,2025-12-19,2026-02-02,3862.13,Paid
3443,103,2025-06-26,2025-07-11,3930.6,Paid
3444,119,2024-05-28,2024-07-12,1938.84,Open
3445,35,2025-12-14,2026-01-28,1747.43,Paid
3446,8,2025-01-03,2025-02-17,3962.17,Open
3447,91,2024-04-17,2024-05-02,9072.24,Paid
3448,92,2024-04-07,2024-05-07,1554.77,Paid
3449,31,2024-04-08,2024-05-08,2500.67,Paid
3450,19,2024-08-29,2024-10-13,6152.11,Paid
3451,51,2024-09-10,2024-11-09,3334.23,Paid
3452,51,2025-09-02,2025-11-01,1225.52,Open
3453,116,2024-03-30,2024-05-29,2580.3,Overdue
3454,96,2025-12-18,2026-02-16,4953.59,Paid
3455,113,2025-10-12,2025-11-26,3154.99,Open
3456,86,2024-07-03,2024-09-01,1515.44,Paid
3457,52,2024-08-07,2024-09-06,2316.41,Open
3458,51,2025-08-10,2025-08-25,2564.5,Paid
3459,60,2025-02-16,2025-04-17,5131.32,Open
3460,92,2024-02-09,2024-03-10,1726.42,Paid
3461,43,2025-09-19,2025-11-03,3310.48,Paid
3462,94,2025-09-03,2025-09-18,915.02,Paid
3463,33,2024-10-20,2024-12-19,1202.39,Paid
3464,110,2025-04-15,2025-05-15,4885.27,Overdue
3465,49,2025-04-28,2025-05-13,1919.81,Open
3466,32,2025-03-21,2025-04-20,3367.51,Open
3467,97,2025-09-11,2025-09-26,5188.19,Open
3468,22,2025-01-08,2025-01-23,2792.68,Paid
3469,28,2024-12-29,2025-01-28,3432.39,Paid
3470,87,2025-07-07,2025-08-21,3355.34,Open
3471,91,2025-06-24,2025-08-23,698.17,Paid
3472,107,2024-06-10,2024-08-09,3387.39,Open
3473,35,2025-06-25,2025-07-10,1475.6,Paid
3474,83,2024-02-27,2024-04-27,1536.7,Paid
3475,87,2025-12-09,2026-02-07,3417.31,Paid
3476,12,2024-12-10,2025-01-09,4401.01,Paid
3477,82,2024-01-31,2024-03-31,4359.3,Paid
3478,90,2024-06-10,2024-08-09,3315.74,Paid
3479,69,2024-01-15,2024-02-14,5007.13,Paid
3480,79,2025-12-12,2025-12-27,2450.66,Paid
3481,17,2025-02-26,2025-03-13,1863.72,Overdue
3482,57,2024-10-27,2024-11-26,3248.17,Open
3483,40,2025-05-22,2025-06-21,1704.51,Overdue
3484,25,2025-04-16,2025-05-01,1832.86,Paid
3485,111,2025-11-04,2025-12-04,1633.94,Paid
3486,90,2024-09-05,2024-10-05,3597.36,Paid
3487,110,2024-06-14,2024-07-29,2218.15,Overdue
3488,66,2024-11-05,2024-12-20,1233.58,Open
3489,104,2025-04-02,2025-05-02,939.86,Paid
3490,117,2025-10-01,2025-10-16,3839.21,Paid
3491,41,2025-11-17,2026-01-01,3993.84,Paid
3492,62,2024-01-13,2024-03-13,2265.27,Open
3493,54,2025-12-07,2026-02-05,2847.2,Overdue
3494,26,2025-07-07,2025-08-06,1715.6,Paid
3495,113,2025-01-06,2025-01-21,4707.23,Overdue
3496,48,2025-12-08,2025-12-23,3332.21,Paid
3497,74,2025-11-25,2026-01-09,6397.35,Paid
3498,32,2024-08-19,2024-09-03,3157.51,Overdue
3499,39,2024-07-12,2024-09-10,2942.03,Paid
3500,69,2024-05-11,2024-07-10,2681.43,Overdue
3501,31,2024-01-13,2024-02-27,2311.43,Paid
3502,51,2024-10-02,2024-11-01,5128.42,Overdue
3503,4,2024-02-25,2024-03-26,3433.34,Paid
3504,1,2024-09-25,2024-10-25,2546.23,Open
3505,3,2025-11-07,2025-12-22,5243.34,Paid
3506,35,2025-03-18,2025-05-17,2115.52,Paid
3507,31,2025-01-25,2025-02-09,1890.03,Paid
3508,114,2025-07-04,2025-07-19,366.75,Open
3509,45,2025-04-17,2025-06-16,2581.96,Paid
3510,98,2025-02-10,2025-03-27,6862.01,Paid
3511,73,2024-07-29,2024-08-28,1561.56,Paid
3512,115,2025-12-18,2026-02-16,924.9,Overdue
3513,91,2025-01-14,2025-01-29,3474.09,Overdue
3514,59,2025-04-14,2025-05-14,3243.53,Open
3515,92,2025-08-07,2025-09-21,3284.86,Paid
3516,75,2024-08-30,2024-10-14,2549.84,Paid
3517,101,2024-02-22,2024-03-08,1953.9,Open
3518,34,2025-08-28,2025-10-27,2002.75,Paid
3519,4,2025-02-12,2025-03-14,1092.1,Open
3520,50,2025-10-26,2025-12-10,1319.84,Open
3521,97,2025-05-12,2025-06-26,2540.09,Overdue
3522,43,2025-03-12,2025-04-11,1804.27,Paid
3523,32,2025-05-10,2025-06-24,4784.91,Overdue
3524,47,2024-11-19,2024-12-04,4492.32,Paid
3525,63,2025-08-02,2025-08-17,3623.32,Paid
3526,115,2025-10-19,2025-11-18,1862.85,Paid
3527,70,2024-08-16,2024-10-15,4402.87,Overdue
3528,94,2024-10-06,2024-12-05,2154.57,Open
3529,108,2024-11-09,2024-11-24,1893.86,Paid
3530,120,2025-07-05,2025-08-19,1136.6,Paid
3531,57,2024-04-13,2024-05-13,3334.21,Paid
3532,6,2025-11-28,2026-01-12,1558.2,Paid
3533,40,2025-04-20,2025-05-05,1904.64,Paid
3534,82,2024-10-15,2024-11-29,684.58,Paid
3535,36,2025-08-19,2025-09-03,3881.46,Open
3536,119,2024-07-24,2024-08-23,3328.31,Paid
3537,4,2024-12-06,2025-01-20,2316.94,Open
3538,22,2025-03-10,2025-04-24,2895.1,Paid
3539,30,2024-02-27,2024-03-13,6369.91,Paid
3540,33,2025-09-17,2025-10-17,4169.39,Open
3541,53,2025-12-04,2026-02-02,2054.57,Open
3542,47,2024-09-22,2024-10-22,2020.81,Paid
3543,39,2024-06-24,2024-07-09,3305.9,Overdue
3544,120,2024-11-19,2024-12-19,2506.49,Paid
3545,25,2025-07-01,2025-07-16,3414.64,Paid
3546,30,2024-08-22,2024-10-06,2643.85,Paid
3547,110,2024-04-28,2024-05-13,445.51,Overdue
3548,23,2024-06-08,2024-07-08,695.64,Paid
3549,119,2024-12-25,2025-02-08,3089.32,Paid
3550,41,2025-07-18,2025-09-16,4802.58,Paid
3551,103,2025-05-30,2025-06-14,1935.05,Paid
3552,91,2025-05-09,2025-06-08,1815.0,Paid
3553,55,2025-09-14,2025-10-14,1471.8,Paid
3554,38,2024-12-18,2025-02-01,5871.22,Open
3555,110,2025-10-25,2025-11-24,2678.07,Overdue
3556,25,2024-07-30,2024-08-14,3303.06,Overdue
3557,40,2024-08-26,2024-10-25,5834.02,Paid
3558,93,2024-06-17,2024-07-17,1948.71,Open
3559,60,2025-10-25,2025-11-24,4741.65,Paid
3560,86,2025-05-05,2025-06-04,2183.48,Paid
3561,20,2024-08-01,2024-08-16,7420.35,Open
3562,111,2025-06-12,2025-07-27,5320.79,Paid
3563,55,2025-02-18,2025-03-20,4875.63,Paid
3564,26,2025-06-27,2025-07-27,7909.07,Open
3565,38,2024-05-05,2024-07-04,1014.6,Overdue
3566,88,2024-12-23,2025-01-22,3460.97,Paid
3567,39,2024-06-01,2024-07-31,1681.66,Paid
3568,111,2025-07-30,2025-08-14,3482.27,Paid
3569,32,2025-04-15,2025-05-15,3824.76,Open
3570,108,2024-04-19,2024-06-03,1248.37,Overdue
3571,71,2025-06-18,2025-08-17,4581.81,Paid
3572,11,2024-10-28,2024-12-27,3776.41,Paid
3573,82,2025-01-19,2025-03-05,3836.88,Paid
3574,10,2024-09-03,2024-09-18,2288.84,Paid
3575,106,2024-03-02,2024-05-01,3241.86,Paid
3576,81,2025-04-21,2025-06-20,1268.45,Open
3577,106,2025-05-18,2025-07-02,1260.98,Paid
3578,31,2025-04-27,2025-05-27,1368.9,Paid
3579,21,2024-09-17,2024-10-02,3029.68,Paid
3580,53,2024-03-05,2024-04-19,2418.45,Open
3581,35,2024-10-26,2024-12-25,909.62,Open
3582,68,2025-12-22,2026-02-05,1892.2,Open
3583,56,2024-05-02,2024-07-01,700.02,Paid
3584,116,2024-11-24,2024-12-09,2288.62,Paid
3585,29,2025-01-31,2025-04-01,1528.19,Paid
3586,31,2024-04-15,2024-05-15,1558.55,Overdue
3587,91,2024-04-24,2024-06-23,1011.68,Paid
3588,105,2024-10-06,2024-12-05,856.17,Open
3589,38,2025-04-25,2025-06-24,5498.74,Paid
3590,29,2024-01-10,2024-01-25,5168.31,Open
3591,71,2024-07-11,2024-07-26,3741.83,Paid
3592,31,2024-03-20,2024-05-04,2068.4,Paid
3593,46,2025-04-26,2025-06-25,4426.95,Paid
3594,1,2025-08-24,2025-09-08,6329.87,Open
3595,118,2024-01-19,2024-03-19,2832.57,Paid
3596,40,2024-12-08,2024-12-23,3892.33,Open
3597,51,2025-06-03,2025-06-18,4837.56,Paid
3598,41,2024-03-03,2024-04-02,1030.82,Paid
3599,108,2025-06-11,2025-07-11,2935.23,Open
3600,3,2025-12-12,2025-12-27,4514.97,Paid
3601,25,2025-06-02,2025-07-17,1353.92,Paid
3602,63,2025-03-26,2025-04-25,8124.84,Paid
3603,48,2024-12-24,2025-01-08,2481.38,Paid
3604,5,2025-10-06,2025-11-05,822.73,Open
3605,79,2025-04-10,2025-04-25,604.1,Overdue
3606,51,2024-08-09,2024-10-08,3318.27,Open
3607,21,2025-04-27,2025-06-11,3591.11,Overdue
3608,56,2024-04-27,2024-06-11,2549.43,Overdue
3609,31,2025-02-22,2025-03-24,5132.01,Paid
3610,81,2025-02-02,2025-03-04,3988.51,Paid
3611,13,2024-07-24,2024-08-08,3826.18,Overdue
3612,93,2024-04-26,2024-06-10,6099.58,Paid
3613,33,2024-05-04,2024-07-03,1826.56,Open
3614,13,2024-06-03,2024-07-18,5596.51,Overdue
3615,41,2025-10-27,2025-11-26,681.97,Overdue
3616,78,2025-11-18,2025-12-18,1200.77,Paid
3617,43,2024-02-25,2024-04-25,5403.68,Paid
3618,63,2025-12-19,2026-01-03,2155.14,Open
3619,85,2024-04-22,2024-06-21,234.6,Paid
3620,25,2025-09-28,2025-10-13,4186.57,Open
3621,108,2025-11-07,2025-12-07,4194.25,Paid
3622,61,2025-07-08,2025-09-06,2899.88,Paid
3623,53,2024-10-06,2024-11-05,2547.3,Paid
3624,78,2025-08-19,2025-10-03,1390.7,Overdue
3625,66,2024-02-18,2024-03-19,2977.06,Paid
3626,13,2025-03-17,2025-05-16,4155.6,Paid
3627,76,2025-02-28,2025-04-14,3025.39,Open
3628,119,2025-06-22,2025-07-22,4222.39,Paid
3629,80,2024-05-23,2024-07-22,6208.41,Paid
3630,50,2025-06-12,2025-08-11,1964.09,Open
3631,56,2025-04-10,2025-06-09,832.02,Paid
3632,67,2024-07-10,2024-07-25,895.52,Paid
3633,36,2025-08-20,2025-09-04,3342.73,Overdue
3634,36,2024-06-20,2024-08-04,3488.28,Overdue
3635,20,2025-08-05,2025-09-19,977.75,Paid
3636,52,2024-08-22,2024-09-21,6128.69,Paid
3637,98,2024-03-03,2024-05-02,2604.36,Paid
3638,75,2024-12-03,2025-01-17,1926.07,Open
3639,16,2025-03-25,2025-04-09,8207.87,Open
3640,72,2025-09-05,2025-11-04,3713.39,Paid
3641,92,2024-02-19,2024-04-04,1109.28,Paid
3642,54,2024-05-05,2024-06-19,3797.61,Open
3643,92,2024-10-20,2024-11-19,1743.14,Paid
3644,48,2024-01-15,2024-03-15,5288.17,Paid
3645,19,2025-09-01,2025-09-16,794.99,Overdue
3646,104,2024-09-19,2024-10-04,877.77,Open
3647,87,2025-03-30,2025-05-29,1326.42,Paid
3648,109,2025-10-18,2025-12-02,3544.05,Open
3649,29,2024-09-30,2024-10-30,2181.31,Paid
3650,11,2024-03-02,2024-05-01,2111.47,Paid
3651,114,2024-03-25,2024-04-09,3889.0,Paid
3652,3,2025-05-03,2025-06-02,3934.78,Overdue
3653,113,2024-01-24,2024-02-08,1483.96,Paid
3654,21,2025-05-28,2025-07-12,2917.41,Overdue
3655,35,2024-06-11,2024-07-26,3513.08,Paid
3656,95,2025-08-08,2025-09-22,2827.04,Paid
3657,3,2024-08-03,2024-09-17,995.66,Paid
3658,3,2025-12-12,2026-02-10,2154.19,Open
3659,56,2024-01-24,2024-02-23,3282.18,Open
3660,109,2025-10-04,2025-11-03,6022.88,Overdue
3661,78,2025-03-09,2025-03-24,3312.75,Open
3662,67,2025-12-04,2026-01-18,7877.33,Paid
3663,67,2025-02-07,2025-03-09,1991.95,Paid
3664,85,2025-09-10,2025-10-25,682.18,Paid
3665,115,2025-10-29,2025-12-28,3370.77,Open
3666,35,2024-06-19,2024-08-03,3958.18,Overdue
3667,47,2024-02-21,2024-04-21,1799.43,Open
3668,16,2025-09-13,2025-10-28,2606.2,Paid
3669,95,2024-03-30,2024-05-14,2230.15,Overdue
3670,37,2025-06-05,2025-08-04,1713.49,Open
3671,33,2024-11-22,2024-12-07,4562.02,Paid
3672,87,2025-11-26,2026-01-10,1382.2,Overdue
3673,81,2024-08-05,2024-08-20,1757.88,Paid
3674,82,2025-09-24,2025-10-09,1457.09,Paid
3675,30,2024-02-14,2024-03-30,1548.41,Paid
3676,51,2024-05-24,2024-07-23,1034.4,Paid
3677,17,2025-01-11,2025-02-25,4832.95,Open
3678,49,2025-06-26,2025-08-25,815.79,Overdue
3679,68,2024-01-06,2024-02-05,1450.93,Open
3680,23,2024-09-21,2024-11-05,2746.13,Paid
3681,64,2024-11-25,2024-12-10,2347.21,Open
3682,46,2024-04-02,2024-04-17,3791.49,Paid
3683,9,2024-02-19,2024-04-19,3740.96,Open
3684,102,2025-07-01,2025-08-15,6430.99,Overdue
3685,52,2025-04-12,2025-05-27,3060.62,Open
3686,120,2024-10-12,2024-10-27,1001.88,Paid
3687,85,2024-12-22,2025-02-05,6249.14,Open
3688,110,2024-12-03,2025-01-02,1950.42,Open
3689,55,2024-05-27,2024-06-26,4339.09,Paid
3690,56,2025-01-13,2025-03-14,1021.65,Paid
3691,97,2025-08-15,2025-09-14,214.52,Open
3692,65,2024-01-06,2024-03-06,3436.63,Open
3693,43,2025-07-15,2025-07-30,4780.43,Open
3694,32,2024-04-22,2024-05-22,1794.8,Open
3695,110,2025-06-06,2025-06-21,1788.21,Open
3696,30,2025-10-04,2025-10-19,7281.63,Paid
3697,44,2024-03-01,2024-04-15,4526.52,Open
3698,35,2025-05-06,2025-06-20,3873.1,Paid
3699,42,2025-03-16,2025-03-31,2420.73,Paid
3700,68,2024-10-15,2024-11-29,5059.52,Paid
3701,106,2025-01-29,2025-02-28,5881.13,Paid
3702,72,2024-05-05,2024-06-19,5067.93,Paid
3703,72,2025-10-13,2025-11-12,6508.06,Overdue
3704,89,2025-09-07,2025-10-22,5950.1,Paid
3705,51,2024-04-19,2024-06-03,3442.88,Paid
3706,94,2024-10-21,2024-11-05,4099.9,Paid
3707,61,2025-07-19,2025-08-03,4532.92,Overdue
3708,69,2024-05-10,2024-05-25,2497.26,Paid
3709,90,2025-01-19,2025-02-18,2683.97,Open
3710,49,2024-09-27,2024-10-27,310.1,Overdue
3711,64,2024-01-17,2024-02-01,4365.14,Paid
3712,76,2024-11-06,2024-12-06,1791.61,Open
3713,106,2024-05-22,2024-07-21,3779.08,Overdue
3714,57,2025-05-13,2025-07-12,3875.26,Paid
3715,48,2024-06-09,2024-08-08,3283.27,Open
3716,74,2024-11-13,2024-12-13,7066.88,Paid
3717,25,2024-04-09,2024-05-24,394.91,Paid
3718,77,2024-12-26,2025-01-25,5277.14,Paid
3719,46,2025-05-08,2025-06-22,1942.59,Overdue
3720,83,2025-09-21,2025-11-20,2077.05,Paid
3721,52,2024-02-22,2024-04-07,3676.63,Overdue
3722,109,2025-11-05,2025-11-20,1614.56,Open
3723,19,2025-06-24,2025-08-08,3030.45,Paid
3724,84,2024-07-24,2024-08-08,1635.21,Paid
3725,94,2025-02-04,2025-03-21,1212.17,Paid
3726,70,2025-08-11,2025-08-26,2476.01,Open
3727,53,2024-02-24,2024-03-10,6974.33,Paid
3728,6,2025-11-19,2026-01-03,4047.4,Paid
3729,113,2025-12-20,2026-02-18,1311.76,Paid
3730,28,2025-10-10,2025-12-09,5101.88,Paid
3731,113,2024-01-04,2024-02-03,4166.43,Open
3732,78,2025-02-13,2025-04-14,3911.97,Paid
3733,91,2024-09-20,2024-11-04,1218.58,Paid
3734,62,2024-04-04,2024-05-04,539.99,Paid
3735,14,2024-09-17,2024-10-17,1975.12,Paid
3736,1,2024-10-31,2024-12-15,1591.32,Paid
3737,85,2025-03-16,2025-04-30,4378.13,Paid
3738,68,2025-11-14,2025-11-29,4800.27,Paid
3739,94,2024-06-03,2024-08-02,1872.93,Open
3740,63,2025-08-19,2025-09-18,2919.17,Paid
3741,100,2025-04-20,2025-06-04,1368.18,Paid
3742,1,2024-03-21,2024-04-20,4239.66,Paid
3743,55,2025-07-19,2025-08-03,4380.22,Paid
3744,25,2025-11-01,2025-12-31,2795.49,Paid
3745,76,2024-12-09,2025-02-07,771.54,Paid
3746,6,2024-10-25,2024-12-09,7559.29,Paid
3747,26,2025-08-04,2025-09-18,748.11,Paid
3748,39,2025-07-22,2025-08-06,1148.13,Overdue
3749,70,2024-08-14,2024-10-13,3262.44,Paid
3750,83,2024-08-21,2024-10-20,4446.91,Open
3751,26,2024-01-09,2024-01-24,1404.5,Open
3752,25,2024-02-08,2024-04-08,2255.25,Open
3753,109,2024-08-05,2024-10-04,5979.85,Paid
3754,5,2024-10-14,2024-11-13,1169.72,Open
3755,14,2025-09-17,2025-11-16,2850.97,Paid
3756,28,2024-01-30,2024-03-30,2765.43,Overdue
3757,14,2025-06-24,2025-08-23,1584.31,Paid
3758,95,2025-12-06,2026-01-05,3090.51,Open
3759,8,2025-03-06,2025-04-05,5446.01,Paid
3760,11,2025-10-04,2025-10-19,1758.89,Open
3761,13,2025-11-05,2025-12-20,1510.08,Overdue
3762,116,2024-07-30,2024-08-29,4283.56,Paid
3763,35,2024-06-06,2024-07-06,5324.85,Overdue
3764,63,2024-11-06,2024-12-21,2036.36,Open
3765,33,2024-11-09,2024-11-24,2242.37,Open
3766,38,2025-01-27,2025-03-28,2254.11,Paid
3767,26,2025-08-01,2025-08-16,2217.86,Paid
3768,11,2025-04-10,2025-05-25,2115.23,Open
3769,18,2024-12-24,2025-01-23,3338.04,Paid
3770,108,2024-05-15,2024-06-14,5864.87,Paid
3771,42,2025-08-05,2025-08-20,3799.99,Paid
3772,35,2024-11-03,2024-12-03,5820.41,Open
3773,113,2024-04-20,2024-06-19,1334.44,Paid
3774,104,2024-02-17,2024-04-17,964.52,Paid
3775,89,2024-10-30,2024-11-29,2087.8,Paid
3776,111,2024-09-26,2024-10-26,3122.86,Open
3777,84,2024-05-18,2024-07-02,373.77,Open
3778,29,2025-11-15,2025-12-30,1582.53,Overdue
3779,51,2025-03-26,2025-05-10,3726.43,Paid
3780,94,2024-12-11,2025-01-25,2414.79,Paid
3781,115,2025-01-08,2025-01-23,1585.36,Open
3782,101,2024-04-10,2024-05-25,2760.76,Overdue
3783,61,2025-10-10,2025-12-09,1483.71,Paid
3784,57,2024-08-15,2024-10-14,1078.16,Paid
3785,5,2025-05-09,2025-05-24,2136.72,Open
3786,103,2025-04-24,2025-06-23,2381.73,Overdue
3787,18,2025-03-23,2025-04-07,3527.77,Paid
3788,8,2025-07-03,2025-08-02,146.63,Paid
3789,87,2025-08-15,2025-09-14,1362.75,Open
3790,38,2024-06-22,2024-07-07,2146.01,Paid
3791,120,2024-09-22,2024-10-07,4844.42,Paid
3792,68,2024-03-05,2024-04-19,916.89,Paid
3793,69,2025-01-07,2025-03-08,3020.44,Open
3794,53,2025-11-30,2026-01-29,5116.76,Paid
3795,75,2025-01-01,2025-02-15,2660.89,Paid
3796,87,2025-04-06,2025-06-05,1363.74,Paid
3797,49,2025-03-06,2025-03-21,1103.67,Paid
3798,106,2024-12-17,2025-01-16,1647.94,Open
3799,108,2024-10-25,2024-11-09,3132.86,Paid
3800,54,2024-12-16,2025-02-14,2423.87,Paid
3801,101,2024-10-19,2024-11-18,1170.88,Paid
3802,45,2024-09-14,2024-09-29,1794.88,Overdue
3803,120,2024-12-06,2024-12-21,1598.31,Paid
3804,116,2024-03-25,2024-04-09,2261.57,Paid
3805,35,2024-02-29,2024-03-15,812.39,Overdue
3806,62,2024-04-27,2024-05-12,3016.06,Paid
3807,27,2024-01-05,2024-03-05,933.71,Paid
3808,74,2024-10-16,2024-12-15,1117.65,Paid
3809,86,2024-01-09,2024-03-09,1385.02,Overdue
3810,7,2024-06-26,2024-07-26,2158.15,Open
3811,85,2025-12-21,2026-01-05,2052.62,Overdue
3812,72,2025-07-03,2025-08-02,3732.55,Paid
3813,39,2025-07-31,2025-09-14,5613.38,Overdue
3814,60,2025-06-27,2025-08-26,3180.85,Overdue
3815,86,2025-08-30,2025-09-29,2598.93,Paid
3816,61,2024-08-12,2024-10-11,5338.17,Paid
3817,33,2024-11-23,2025-01-07,2088.49,Overdue
3818,104,2024-06-01,2024-07-31,3377.76,Paid
3819,22,2025-06-06,2025-07-21,4526.77,Overdue
3820,27,2025-07-22,2025-09-20,142.01,Overdue
3821,83,2024-02-18,2024-04-03,394.1,Paid
3822,37,2025-06-06,2025-06-21,3436.66,Open
3823,97,2025-01-13,2025-03-14,1767.82,Paid
3824,55,2024-09-06,2024-09-21,1404.76,Paid
3825,92,2025-09-09,2025-10-09,1319.21,Open
3826,7,2024-04-08,2024-05-08,1096.82,Open
3827,94,2024-08-26,2024-10-10,5238.57,Paid
3828,66,2025-06-02,2025-07-17,2286.92,Paid
3829,62,2024-12-17,2025-01-31,1843.0,Open
3830,66,2025-05-19,2025-06-03,3621.34,Paid
3831,73,2025-09-30,2025-11-29,885.16,Overdue
3832,24,2025-01-30,2025-02-14,3882.38,Paid
3833,112,2024-11-13,2024-12-28,3648.67,Paid
3834,66,2024-04-20,2024-05-05,1465.17,Overdue
3835,24,2024-09-07,2024-11-06,4009.45,Open
3836,72,2024-06-04,2024-06-19,2163.77,Open
3837,112,2025-12-23,2026-01-22,2671.85,Open
3838,119,2024-01-12,2024-03-12,4522.76,Overdue
3839,75,2025-04-26,2025-05-26,4195.63,Open
3840,57,2025-01-21,2025-02-20,3374.02,Open
3841,75,2024-08-28,2024-10-27,2346.88,Paid
3842,89,2025-01-05,2025-01-20,3598.48,Overdue
3843,57,2025-05-23,2025-07-22,2004.1,Paid
3844,54,2025-04-04,2025-04-19,1969.57,Open
3845,85,2024-12-25,2025-02-08,2814.7,Paid
3846,63,2025-11-12,2025-12-27,3354.75,Overdue
3847,87,2025-06-16,2025-07-31,4909.52,Paid
3848,74,2024-12-15,2025-01-14,3034.22,Open
3849,12,2025-11-29,2025-12-29,1695.28,Paid
3850,42,2025-06-10,2025-07-25,1486.08,Open
3851,99,2025-09-30,2025-11-29,2786.43,Paid
3852,68,2024-12-15,2025-01-14,2149.63,Overdue
3853,108,2024-12-05,2025-01-04,7634.27,Overdue
3854,4,2025-02-16,2025-03-03,1227.54,Paid
3855,52,2024-03-16,2024-04-15,3044.9,Paid
3856,35,2025-07-07,2025-08-06,936.61,Paid
3857,92,2024-10-29,2024-11-28,2778.85,Open
3858,64,2024-12-16,2025-01-30,1782.09,Paid
3859,2,2025-06-27,2025-07-12,1607.78,Overdue
3860,24,2024-08-10,2024-09-24,4575.27,Paid
3861,61,2024-01-16,2024-01-31,5158.46,Paid
3862,99,2024-09-18,2024-11-02,8201.68,Overdue
3863,47,2024-05-09,2024-07-08,2935.44,Paid
3864,85,2025-04-13,2025-06-12,900.98,Paid
3865,106,2025-06-21,2025-08-20,1457.51,Paid
3866,111,2025-12-13,2026-01-12,1768.14,Open
3867,24,2024-11-30,2025-01-29,2969.58,Paid
3868,61,2025-03-20,2025-05-19,2483.42,Paid
3869,76,2024-02-02,2024-04-02,1882.34,Paid
3870,112,2024-09-10,2024-10-25,424.84,Paid
3871,33,2025-05-06,2025-06-05,4504.58,Overdue
3872,94,2025-08-14,2025-09-13,5935.1,Open
3873,71,2024-09-11,2024-11-10,2857.31,Paid
3874,120,2024-11-08,2024-12-08,729.49,Paid
3875,119,2025-05-03,2025-06-02,3586.56,Open
3876,116,2025-07-07,2025-08-06,430.44,Open
3877,1,2025-10-01,2025-11-15,2757.38,Open
3878,76,2025-05-24,2025-07-08,1510.98,Paid
3879,72,2024-11-30,2025-01-14,1262.63,Open
3880,94,2025-11-03,2025-12-03,3915.66,Paid
3881,35,2025-04-22,2025-06-06,1458.15,Paid
3882,82,2025-01-06,2025-01-21,2224.6,Paid
3883,55,2025-03-28,2025-04-12,4692.66,Open
3884,102,2024-12-07,2024-12-22,4263.62,Paid
3885,57,2025-12-25,2026-02-08,2308.18,Open
3886,33,2024-06-22,2024-07-22,2349.5,Paid
3887,47,2024-12-06,2025-02-04,1287.99,Open
3888,84,2025-04-04,2025-05-19,2780.64,Open
3889,70,2024-07-12,2024-08-26,7292.04,Paid
3890,77,2024-11-19,2024-12-19,3762.85,Overdue
3891,95,2025-01-26,2025-02-10,4083.87,Paid
3892,108,2025-10-13,2025-11-12,1358.26,Paid
3893,69,2024-05-26,2024-07-25,2489.78,Overdue
3894,61,2024-06-08,2024-07-08,2463.64,Overdue
3895,61,2024-02-15,2024-03-01,1924.17,Paid
3896,100,2024-12-22,2025-01-21,4917.26,Overdue
3897,71,2024-08-23,2024-09-07,2605.17,Open
3898,46,2025-01-04,2025-02-03,2927.08,Paid
3899,98,2024-05-01,2024-05-16,5557.39,Overdue
3900,70,2024-12-14,2025-01-13,3003.23,Overdue
3901,74,2025-11-07,2025-11-22,2623.78,Open
3902,1,2025-06-19,2025-07-19,2576.61,Overdue
3903,88,2024-05-04,2024-06-03,2529.63,Paid
3904,35,2024-08-19,2024-10-18,1810.28,Paid
3905,11,2025-03-31,2025-05-15,3198.09,Overdue
3906,111,2025-10-21,2025-12-05,2516.38,Open
3907,46,2025-12-05,2026-01-19,6628.15,Paid
3908,62,2024-10-25,2024-11-24,1600.63,Paid
3909,115,2025-10-29,2025-11-13,3558.01,Paid
3910,8,2024-05-02,2024-06-01,2964.33,Overdue
3911,102,2024-03-24,2024-04-08,2043.98,Paid
3912,112,2025-01-08,2025-02-07,2221.33,Paid
3913,63,2024-02-03,2024-04-03,1215.25,Paid
3914,106,2024-07-21,2024-08-20,1825.76,Paid
3915,60,2025-01-15,2025-02-14,943.07,Paid
3916,19,2024-05-19,2024-07-18,1214.43,Paid
3917,47,2025-05-05,2025-05-20,1404.67,Paid
3918,68,2025-05-22,2025-07-06,5230.04,Overdue
3919,48,2024-04-02,2024-06-01,1817.18,Paid
3920,50,2024-10-23,2024-11-22,1253.65,Paid
3921,112,2025-06-13,2025-06-28,7609.52,Overdue
3922,66,2024-10-27,2024-12-26,3358.41,Open
3923,57,2024-03-31,2024-05-15,880.67,Overdue
3924,38,2024-03-22,2024-04-06,3838.14,Paid
3925,87,2025-04-08,2025-05-23,1218.6,Open
3926,86,2024-04-06,2024-06-05,1458.74,Open
3927,60,2025-04-10,2025-04-25,1112.93,Paid
3928,120,2024-11-20,2025-01-19,1568.99,Open
3929,38,2024-12-06,2025-01-05,758.33,Overdue
3930,71,2025-12-23,2026-01-22,2757.1,Paid
3931,81,2025-08-08,2025-08-23,4229.91,Paid
3932,7,2024-06-06,2024-06-21,2734.17,Paid
3933,75,2025-12-08,2026-01-22,3569.48,Open
3934,11,2024-03-31,2024-04-15,1070.17,Paid
3935,111,2025-08-27,2025-10-11,2903.41,Paid
3936,38,2025-01-01,2025-01-31,4707.14,Paid
3937,21,2024-01-21,2024-03-21,1939.12,Paid
3938,56,2025-08-31,2025-10-30,2865.79,Overdue
3939,105,2024-09-30,2024-11-14,1726.83,Overdue
3940,89,2024-11-28,2024-12-13,1260.82,Paid
3941,71,2024-12-15,2025-01-29,1905.14,Paid
3942,41,2024-04-18,2024-05-18,4323.09,Open
3943,107,2025-05-16,2025-07-15,5060.25,Paid
3944,119,2024-05-26,2024-06-10,1030.72,Open
3945,72,2025-11-03,2025-12-18,2723.95,Paid
3946,28,2025-05-19,2025-07-18,1162.32,Paid
3947,102,2024-06-04,2024-07-04,1348.11,Paid
3948,79,2025-10-27,2025-11-26,1108.53,Overdue
3949,75,2024-11-28,2024-12-28,3360.08,Overdue
3950,67,2025-10-03,2025-11-02,1450.3,Overdue
3951,45,2025-01-30,2025-03-01,5606.49,Open
3952,112,2025-09-27,2025-11-26,3940.33,Paid
3953,115,2025-11-24,2025-12-24,511.2,Open
3954,70,2024-03-28,2024-05-27,1782.98,Open
3955,114,2025-09-09,2025-10-24,2284.4,Overdue
3956,6,2024-03-26,2024-05-25,1841.88,Open
3957,111,2025-11-05,2025-12-20,1112.18,Open
3958,64,2024-11-23,2025-01-07,994.62,Paid
3959,9,2025-03-25,2025-05-09,6026.67,Paid
3960,66,2025-03-18,2025-05-17,2411.13,Open
3961,7,2025-02-18,2025-04-04,2841.81,Open
3962,14,2025-11-24,2025-12-24,1419.46,Overdue
3963,26,2024-02-29,2024-04-14,2465.53,Overdue
3964,15,2024-01-05,2024-02-04,3723.14,Overdue
3965,76,2025-08-04,2025-10-03,1859.08,Paid
3966,43,2025-05-09,2025-06-23,1498.56,Open
3967,63,2024-07-09,2024-07-24,4423.76,Paid
3968,74,2024-03-31,2024-05-30,3495.83,Paid
3969,23,2024-02-02,2024-03-03,2257.15,Paid
3970,84,2025-08-31,2025-10-30,5128.61,Paid
3971,73,2024-07-25,2024-09-23,3317.43,Paid
3972,42,2025-12-25,2026-02-23,2163.23,Open
3973,48,2024-01-11,2024-02-10,3494.13,Open
3974,4,2025-06-08,2025-06-23,5796.18,Overdue
3975,63,2024-04-02,2024-06-01,5638.21,Paid
3976,16,2024-03-17,2024-05-01,1531.7,Overdue
3977,54,2024-07-02,2024-08-16,2056.89,Paid
3978,112,2024-07-04,2024-08-03,726.76,Paid
3979,66,2024-07-25,2024-08-24,1868.62,Paid
3980,52,2025-01-19,2025-03-05,2550.91,Overdue
3981,71,2024-05-19,2024-07-18,1442.05,Overdue
3982,118,2025-08-26,2025-09-10,3020.55,Paid
3983,119,2025-07-08,2025-08-07,2010.29,Open
3984,72,2025-12-27,2026-01-26,727.62,Paid
3985,105,2024-01-14,2024-02-13,1368.41,Open
3986,96,2025-03-07,2025-04-21,6108.42,Paid
3987,22,2025-09-17,2025-10-17,3978.56,Open
3988,24,2024-01-19,2024-03-19,1024.41,Overdue
3989,82,2024-08-09,2024-09-08,5952.98,Paid
3990,102,2025-03-23,2025-04-22,3057.67,Overdue
3991,27,2025-03-02,2025-04-16,4413.79,Paid
3992,61,2025-02-12,2025-02-27,4573.89,Overdue
3993,73,2025-05-24,2025-06-08,1342.98,Open
3994,71,2025-09-19,2025-11-03,1289.84,Overdue
3995,105,2025-06-10,2025-07-10,5074.6,Paid
3996,48,2025-02-24,2025-03-26,2926.93,Open
3997,13,2024-06-21,2024-08-20,2295.44,Paid
3998,4,2025-01-24,2025-03-25,4233.32,Paid
3999,6,2025-09-02,2025-10-02,5380.51,Paid
4000,58,2024-11-04,2024-12-04,1805.49,Overdue
4001,84,2025-02-18,2025-04-19,4006.67,Paid
4002,62,2024-01-22,2024-03-22,1123.94,Open
4003,25,2024-05-29,2024-07-13,3633.59,Open
4004,107,2024-10-19,2024-12-03,382.7,Paid
4005,97,2025-10-29,2025-12-13,3783.41,Paid
4006,50,2025-08-13,2025-09-27,1541.11,Paid
4007,9,2025-12-07,2026-01-21,5276.02,Paid
4008,59,2025-01-01,2025-03-02,8414.7,Paid
4009,79,2025-12-15,2026-01-29,2682.48,Paid
4010,85,2025-09-29,2025-11-28,4159.93,Paid
4011,23,2024-12-10,2025-01-09,2646.53,Open
4012,95,2024-05-02,2024-07-01,2727.96,Paid
4013,60,2024-10-04,2024-12-03,1904.77,Overdue
4014,92,2025-12-12,2026-01-26,765.64,Paid
4015,89,2024-03-19,2024-05-18,695.7,Overdue
4016,108,2024-05-30,2024-06-14,3241.26,Open
4017,118,2024-11-24,2025-01-23,1220.0,Open
4018,26,2025-03-10,2025-05-09,1124.89,Paid
4019,27,2025-04-16,2025-05-31,4109.41,Paid
4020,51,2025-08-22,2025-09-21,2542.83,Open
4021,98,2025-07-07,2025-08-06,1087.25,Open
4022,27,2024-09-10,2024-11-09,2566.3,Overdue
4023,25,2024-02-15,2024-03-01,1779.53,Paid
4024,38,2024-10-21,2024-11-05,2464.99,Overdue
4025,27,2025-12-09,2026-01-23,2352.14,Paid
4026,79,2025-01-28,2025-03-29,2390.92,Overdue
4027,104,2024-12-15,2024-12-30,2074.99,Paid
4028,24,2025-09-18,2025-11-17,6576.82,Paid
4029,46,2024-07-26,2024-09-24,4271.64,Paid
4030,64,2025-02-22,2025-03-24,7998.18,Paid
4031,100,2024-07-03,2024-08-17,7952.37,Open
4032,51,2025-03-19,2025-04-03,3001.58,Paid
4033,99,2024-07-12,2024-09-10,3351.39,Paid
4034,31,2025-10-01,2025-10-16,2734.53,Open
4035,58,2024-07-24,2024-08-08,1498.28,Paid
4036,71,2025-03-24,2025-04-08,4303.64,Overdue
4037,109,2024-01-24,2024-02-08,577.17,Overdue
4038,8,2025-02-12,2025-04-13,1875.96,Open
4039,25,2025-11-01,2025-12-01,2169.19,Paid
4040,44,2024-10-11,2024-11-25,1817.15,Overdue
4041,13,2025-11-23,2025-12-08,1836.94,Overdue
4042,15,2024-05-01,2024-05-31,6176.26,Paid
4043,16,2025-06-13,2025-07-13,2712.25,Paid
4044,81,2024-04-05,2024-04-20,2517.79,Paid
4045,90,2025-04-01,2025-04-16,6107.7,Paid
4046,24,2024-07-31,2024-09-29,1231.33,Overdue
4047,82,2025-02-16,2025-03-18,1497.87,Paid
4048,16,2024-05-03,2024-06-02,26.85,Paid
4049,114,2025-07-25,2025-09-08,2458.88,Overdue
4050,118,2025-09-22,2025-10-22,1969.47,Paid
4051,29,2024-07-11,2024-08-25,5730.83,Open
4052,100,2025-03-15,2025-05-14,3130.51,Paid
4053,79,2025-08-19,2025-10-03,804.0,Paid
4054,111,2024-01-25,2024-03-10,1417.23,Overdue
4055,36,2024-04-15,2024-05-15,4092.42,Overdue
4056,120,2024-07-04,2024-09-02,1788.43,Paid
4057,111,2024-03-28,2024-05-27,3610.87,Overdue
4058,31,2025-01-08,2025-02-22,4007.64,Overdue
4059,31,2025-03-15,2025-05-14,4495.21,Open
4060,35,2024-02-15,2024-03-16,1971.92,Paid
4061,1,2025-02-27,2025-04-28,3887.53,Open
4062,63,2025-02-04,2025-04-05,5240.51,Open
4063,102,2024-02-15,2024-03-16,4539.05,Open
4064,27,2025-06-30,2025-08-29,1561.14,Paid
4065,111,2024-05-06,2024-07-05,1682.2,Open
4066,100,2024-06-02,2024-08-01,2081.19,Open
4067,45,2024-10-01,2024-10-16,2559.64,Paid
4068,102,2024-01-10,2024-03-10,1344.73,Paid
4069,74,2025-11-18,2025-12-03,2563.36,Paid
4070,63,2025-07-25,2025-09-08,3736.2,Overdue
4071,36,2024-08-11,2024-08-26,3959.12,Paid
4072,68,2024-11-26,2024-12-11,5930.59,Overdue
4073,60,2024-04-01,2024-05-16,3228.62,Paid
4074,96,2024-04-18,2024-05-18,1233.6,Paid
4075,117,2025-02-04,2025-04-05,1317.63,Paid
4076,44,2025-06-29,2025-08-28,1128.71,Paid
4077,31,2025-07-30,2025-08-14,4364.56,Overdue
4078,75,2024-10-25,2024-12-24,4377.51,Overdue
4079,27,2024-03-24,2024-05-23,2905.86,Overdue
4080,64,2025-12-27,2026-02-25,6022.35,Paid
4081,76,2025-01-18,2025-02-02,2382.63,Paid
4082,31,2025-06-14,2025-07-14,3005.16,Paid
4083,53,2024-10-31,2024-11-15,2153.05,Paid
4084,90,2024-10-16,2024-10-31,1362.51,Paid
4085,104,2024-05-29,2024-06-28,1343.26,Open
4086,116,2024-06-07,2024-06-22,6420.41,Paid
4087,114,2024-11-23,2024-12-08,664.63,Open
4088,91,2025-07-19,2025-08-18,254.86,Paid
4089,16,2025-08-15,2025-09-14,1506.77,Paid
4090,101,2025-04-07,2025-06-06,3363.58,Paid
4091,92,2024-12-05,2025-01-19,2792.65,Open
4092,7,2024-11-27,2024-12-27,538.56,Paid
4093,65,2024-07-20,2024-08-04,2778.41,Paid
4094,55,2025-09-13,2025-10-28,7016.76,Open
4095,104,2025-07-03,2025-09-01,235.11,Overdue
4096,59,2024-10-07,2024-11-21,2134.78,Open
4097,21,2025-04-16,2025-06-15,1772.74,Paid
4098,22,2025-08-07,2025-09-06,623.63,Paid
4099,93,2024-03-27,2024-05-11,1420.38,Paid
4100,83,2025-05-31,2025-06-30,4971.61,Paid
4101,88,2025-12-16,2025-12-31,3821.96,Paid
4102,88,2024-06-09,2024-07-24,4884.75,Paid
4103,70,2025-12-03,2026-02-01,848.05,Paid
4104,13,2025-11-14,2025-11-29,5667.69,Paid
4105,25,2024-07-07,2024-08-21,1031.22,Paid
4106,53,2025-01-02,2025-02-16,2141.62,Paid
4107,1,2024-10-09,2024-11-08,1890.96,Open
4108,120,2024-06-15,2024-07-15,5048.77,Paid
4109,119,2025-03-04,2025-04-18,4177.14,Paid
4110,56,2025-10-20,2025-11-04,4290.38,Overdue
4111,48,2024-08-03,2024-10-02,6673.09,Paid
4112,26,2025-01-08,2025-02-22,3472.53,Paid
4113,112,2024-01-24,2024-02-08,5298.01,Overdue
4114,50,2025-10-08,2025-12-07,3727.39,Paid
4115,119,2025-07-26,2025-09-24,1905.09,Paid
4116,63,2024-09-13,2024-10-28,4204.09,Overdue
4117,27,2025-09-12,2025-11-11,3858.03,Open
4118,66,2024-11-08,2025-01-07,2936.09,Open
4119,23,2024-10-05,2024-12-04,1076.7,Overdue
4120,100,2025-11-11,2025-11-26,570.93,Open
4121,117,2025-01-30,2025-03-01,5147.05,Paid
4122,45,2024-10-12,2024-11-11,3710.1,Paid
4123,80,2024-04-12,2024-06-11,1222.4,Open
4124,66,2025-07-25,2025-09-08,1828.85,Open
4125,27,2025-09-18,2025-11-17,2158.11,Open
4126,60,2024-01-08,2024-03-08,5082.3,Overdue
4127,57,2024-04-14,2024-05-14,2303.88,Paid
4128,25,2025-07-20,2025-08-04,1490.63,Paid
4129,85,2025-01-28,2025-02-12,4194.35,Overdue
4130,108,2025-11-10,2026-01-09,4593.52,Paid
4131,23,2025-03-12,2025-03-27,3001.9,Overdue
4132,56,2024-09-09,2024-11-08,814.47,Open
4133,8,2024-02-27,2024-04-12,626.72,Open
4134,28,2024-06-11,2024-08-10,4771.53,Overdue
4135,27,2024-09-02,2024-10-02,1336.92,Paid
4136,85,2025-04-07,2025-04-22,1219.43,Paid
4137,8,2024-04-07,2024-05-07,2900.43,Paid
4138,97,2024-04-08,2024-06-07,1496.45,Paid
4139,74,2025-04-24,2025-05-09,2592.48,Paid
4140,21,2025-03-17,2025-05-01,4432.63,Open
4141,116,2025-03-18,2025-04-17,2284.17,Overdue
4142,38,2025-08-08,2025-09-07,8629.76,Paid
4143,83,2024-09-19,2024-11-18,3345.55,Overdue
4144,42,2025-06-05,2025-08-04,2600.99,Paid
4145,104,2024-05-03,2024-06-02,1381.06,Open
4146,40,2024-10-31,2024-12-30,1579.32,Open
4147,49,2024-09-24,2024-11-23,1714.96,Open
4148,65,2025-01-29,2025-02-28,4322.42,Paid
4149,43,2025-01-17,2025-03-03,5553.29,Open
4150,19,2024-12-09,2024-12-24,2064.01,Paid
4151,97,2025-03-28,2025-04-27,1552.27,Open
4152,97,2024-10-10,2024-11-09,660.73,Open
4153,116,2024-01-27,2024-03-27,1605.74,Paid
4154,43,2025-07-18,2025-09-01,2959.81,Open
4155,31,2025-02-18,2025-04-04,1025.87,Paid
4156,30,2025-12-14,2026-01-28,6451.2,Overdue
4157,47,2024-08-03,2024-08-18,5707.95,Overdue
4158,61,2024-03-08,2024-04-22,2542.03,Overdue
4159,57,2024-01-27,2024-03-27,6589.37,Overdue
4160,54,2025-04-29,2025-06-28,4916.2,Paid
4161,58,2024-03-27,2024-05-11,1659.79,Paid
4162,118,2025-05-10,2025-05-25,5407.3,Paid
4163,19,2025-04-13,2025-05-13,7039.43,Open
4164,71,2024-04-30,2024-05-15,1674.65,Paid
4165,36,2024-11-07,2024-12-22,1746.22,Open
4166,14,2024-11-07,2025-01-06,3779.99,Paid
4167,20,2025-04-18,2025-05-03,2694.67,Paid
4168,30,2025-10-04,2025-11-03,3559.71,Paid
4169,76,2024-05-05,2024-06-19,6921.08,Paid
4170,76,2024-11-13,2024-12-13,1307.01,Paid
4171,55,2024-11-26,2024-12-11,4836.23,Paid
4172,37,2025-04-10,2025-05-25,4099.76,Overdue
4173,85,2024-10-22,2024-11-21,1714.31,Open
4174,49,2025-11-22,2026-01-21,558.19,Paid
4175,46,2025-02-05,2025-03-07,3252.93,Overdue
4176,81,2024-02-06,2024-04-06,2707.16,Paid
4177,84,2025-01-01,2025-02-15,2306.97,Paid
4178,68,2024-09-27,2024-11-11,4585.68,Paid
4179,20,2024-10-18,2024-11-02,5083.98,Open
4180,8,2025-06-15,2025-08-14,731.03,Paid
4181,117,2024-07-27,2024-08-11,451.75,Paid
4182,36,2025-02-15,2025-03-02,2907.92,Paid
4183,38,2025-05-06,2025-05-21,1963.06,Paid
4184,73,2025-08-14,2025-09-13,5180.43,Paid
4185,90,2025-07-08,2025-07-23,69.09,Open
4186,55,2024-04-10,2024-04-25,3397.17,Paid
4187,95,2024-09-14,2024-09-29,1188.49,Paid
4188,82,2025-11-23,2025-12-08,4857.27,Open
4189,10,2025-10-20,2025-12-04,3172.56,Paid
4190,99,2024-11-14,2025-01-13,2588.47,Paid
4191,55,2025-09-26,2025-11-25,1458.36,Open
4192,13,2024-12-11,2024-12-26,5382.6,Paid
4193,80,2024-04-24,2024-05-09,1609.65,Overdue
4194,46,2025-07-25,2025-08-09,2003.02,Open
4195,10,2024-08-18,2024-10-02,4201.73,Open
4196,50,2024-03-05,2024-05-04,4182.22,Paid
4197,7,2025-12-17,2026-01-31,1994.56,Paid
4198,103,2024-01-02,2024-02-01,1036.61,Paid
4199,67,2024-03-09,2024-04-23,7452.29,Open
4200,53,2024-02-26,2024-04-11,4242.31,Paid
4201,87,2024-06-21,2024-07-21,4597.47,Paid
4202,120,2024-12-28,2025-02-26,3580.9,Paid
4203,107,2025-02-17,2025-03-04,3576.32,Overdue
4204,31,2024-10-05,2024-10-20,2128.09,Open
4205,97,2024-07-02,2024-07-17,4684.56,Open
4206,31,2024-04-04,2024-06-03,2413.24,Paid
4207,118,2025-04-24,2025-05-24,10947.56,Open
4208,82,2025-09-08,2025-11-07,6257.39,Open
4209,37,2025-01-28,2025-03-29,3172.71,Overdue
4210,40,2024-01-26,2024-02-10,1692.0,Overdue
4211,82,2024-02-26,2024-03-27,2437.01,Open
4212,16,2024-04-30,2024-05-30,2933.88,Overdue
4213,32,2025-02-27,2025-04-13,2237.1,Open
4214,89,2024-06-14,2024-06-29,5172.23,Paid
4215,52,2024-11-21,2024-12-21,5630.6,Overdue
4216,87,2025-07-22,2025-09-05,2462.3,Overdue
4217,59,2024-12-05,2025-02-03,5455.27,Overdue
4218,81,2025-10-01,2025-10-31,2170.82,Open
4219,58,2025-10-18,2025-12-02,2098.12,Paid
4220,99,2025-11-16,2025-12-31,3857.25,Paid
4221,5,2024-06-01,2024-07-16,1740.1,Paid
4222,20,2024-08-20,2024-10-19,1712.59,Paid
4223,47,2024-12-02,2024-12-17,3128.46,Paid
4224,87,2024-04-04,2024-06-03,4306.73,Paid
4225,33,2024-07-08,2024-08-22,1526.19,Open
4226,43,2025-08-07,2025-09-06,4243.92,Open
4227,95,2024-08-22,2024-09-06,4062.43,Open
4228,32,2025-05-06,2025-07-05,4224.88,Paid
4229,104,2025-10-24,2025-11-08,3427.72,Open
4230,27,2025-09-20,2025-10-20,1224.3,Paid
4231,32,2025-03-02,2025-04-16,2092.7,Open
4232,10,2024-10-06,2024-12-05,2034.35,Paid
4233,53,2025-08-29,2025-09-13,1444.92,Paid
4234,4,2024-05-23,2024-06-07,7785.47,Open
4235,86,2025-06-11,2025-08-10,5282.95,Overdue
4236,35,2025-08-24,2025-09-23,7371.65,Paid
4237,95,2025-07-13,2025-08-27,1423.05,Open
4238,98,2025-09-23,2025-10-08,1855.42,Open
4239,51,2025-01-21,2025-02-05,3006.93,Paid
4240,40,2025-02-08,2025-03-10,2662.84,Open
4241,101,2024-01-02,2024-02-16,2187.53,Paid
4242,69,2025-11-03,2025-12-03,1071.54,Paid
4243,107,2024-10-18,2024-12-17,1370.32,Paid
4244,63,2024-07-11,2024-08-10,905.79,Paid
4245,37,2025-08-15,2025-09-14,4553.12,Paid
4246,27,2024-09-01,2024-10-16,3384.78,Paid
4247,47,2024-09-14,2024-09-29,3331.71,Paid
4248,6,2024-03-23,2024-05-22,4020.8,Overdue
4249,18,2025-07-01,2025-07-16,3499.32,Open
4250,86,2025-07-20,2025-09-03,4570.65,Paid
4251,25,2025-08-20,2025-10-04,1431.27,Overdue
4252,36,2024-10-20,2024-11-19,1871.45,Paid
4253,39,2025-08-16,2025-10-15,807.85,Overdue
4254,67,2025-07-31,2025-08-30,1230.66,Paid
4255,18,2024-08-12,2024-09-11,3621.47,Paid
4256,107,2025-09-14,2025-11-13,1561.69,Paid
4257,49,2024-08-13,2024-09-12,2409.09,Open
4258,20,2024-10-11,2024-11-10,5424.32,Paid
4259,22,2024-02-22,2024-03-08,3481.8,Paid
4260,108,2025-06-06,2025-07-21,3691.8,Paid
4261,54,2024-12-08,2025-01-07,884.86,Overdue
4262,51,2024-05-17,2024-07-01,7950.8,Paid
4263,6,2024-09-04,2024-09-19,3466.86,Paid
4264,19,2025-07-04,2025-08-03,2701.11,Overdue
4265,71,2025-01-20,2025-03-06,1733.97,Open
4266,86,2024-02-08,2024-03-09,5728.01,Paid
4267,92,2024-10-29,2024-11-13,1326.41,Paid
4268,67,2024-05-13,2024-07-12,1091.17,Paid
4269,23,2024-12-10,2024-12-25,2204.08,Overdue
4270,10,2024-12-10,2024-12-25,2203.82,Open
4271,57,2024-10-22,2024-12-21,3540.85,Paid
4272,88,2025-08-14,2025-09-28,2552.23,Open
4273,7,2024-08-19,2024-10-18,4411.41,Paid
4274,36,2025-03-29,2025-04-13,4180.18,Open
4275,78,2024-07-16,2024-07-31,3822.04,Open
4276,27,2025-09-27,2025-10-12,2135.68,Overdue
4277,28,2024-01-10,2024-03-10,3642.33,Overdue
4278,35,2025-08-07,2025-09-06,251.6,Open
4279,54,2024-06-28,2024-08-27,2814.7,Paid
4280,108,2024-01-12,2024-03-12,1423.48,Paid
4281,4,2025-07-22,2025-09-05,1626.77,Paid
4282,92,2025-09-21,2025-10-06,1120.59,Open
4283,89,2025-08-26,2025-10-25,1462.54,Paid
4284,49,2024-05-12,2024-06-26,6317.09,Paid
4285,117,2025-08-17,2025-10-01,3377.09,Paid
4286,11,2025-10-11,2025-10-26,3064.19,Paid
4287,112,2025-01-11,2025-02-10,2101.68,Paid
4288,81,2025-11-13,2025-12-13,4387.96,Paid
4289,104,2024-05-13,2024-07-12,2211.57,Open
4290,90,2025-01-08,2025-01-23,2041.46,Paid
4291,104,2024-12-05,2025-02-03,2458.05,Overdue
4292,60,2024-03-25,2024-05-09,3728.14,Open
4293,101,2024-03-21,2024-05-20,337.59,Paid
4294,8,2024-06-01,2024-07-31,2500.89,Paid
4295,9,2025-12-09,2026-02-07,3312.34,Paid
4296,71,2024-01-21,2024-03-21,2632.34,Open
4297,115,2025-06-10,2025-06-25,840.37,Paid
4298,36,2024-02-11,2024-02-26,3794.53,Paid
4299,92,2025-07-06,2025-08-05,1702.08,Paid
4300,9,2024-11-10,2025-01-09,1362.7,Paid
4301,32,2024-06-11,2024-07-26,7669.81,Open
4302,91,2024-01-09,2024-02-08,4356.65,Overdue
4303,114,2024-12-13,2025-01-27,1707.73,Paid
4304,3,2024-05-06,2024-06-20,740.9,Open
4305,52,2025-12-17,2026-01-16,2194.39,Overdue
4306,24,2025-05-13,2025-06-27,2822.86,Open
4307,101,2024-10-26,2024-12-25,1862.95,Overdue
4308,14,2024-12-19,2025-02-02,6013.27,Overdue
4309,17,2024-06-12,2024-07-12,980.14,Open
4310,51,2025-07-28,2025-08-12,2431.36,Paid
4311,79,2025-04-11,2025-05-11,736.67,Paid
4312,102,2024-06-28,2024-08-27,3270.31,Paid
4313,84,2024-05-23,2024-07-22,3021.03,Overdue
4314,52,2025-12-20,2026-01-19,5632.43,Overdue
4315,60,2025-09-09,2025-09-24,1847.31,Paid
4316,96,2024-06-02,2024-07-17,1594.87,Overdue
4317,90,2025-08-21,2025-10-05,3791.68,Paid
4318,100,2025-07-01,2025-07-16,5518.95,Overdue
4319,75,2025-02-01,2025-03-18,5305.08,Overdue
4320,72,2025-06-10,2025-06-25,4961.84,Paid
4321,108,2025-07-08,2025-08-22,2529.92,Paid
4322,68,2025-07-22,2025-08-06,6356.67,Overdue
4323,29,2024-01-14,2024-03-14,5687.1,Paid
4324,82,2025-04-23,2025-05-08,1633.26,Paid
4325,27,2024-01-01,2024-02-15,3747.7,Paid
4326,38,2024-08-14,2024-10-13,6748.07,Paid
4327,87,2024-08-31,2024-10-15,1481.49,Paid
4328,92,2025-04-08,2025-06-07,5573.93,Overdue
4329,23,2024-10-05,2024-11-04,3641.66,Overdue
4330,50,2025-08-13,2025-09-12,765.58,Paid
4331,55,2024-10-07,2024-12-06,3053.17,Paid
4332,65,2025-02-09,2025-03-26,3564.3,Open
4333,39,2024-08-07,2024-09-06,4597.91,Overdue
4334,101,2025-11-19,2026-01-18,1624.61,Open
4335,113,2025-03-09,2025-05-08,5041.09,Open
4336,67,2025-12-09,2026-01-08,8058.4,Paid
4337,100,2024-02-04,2024-03-05,4093.43,Open
4338,105,2024-07-23,2024-09-21,1763.93,Open
4339,28,2024-12-17,2025-01-16,3531.75,Paid
4340,15,2025-02-27,2025-03-14,2728.42,Paid
4341,6,2025-05-05,2025-06-04,5008.41,Paid
4342,32,2024-02-29,2024-04-29,1853.17,Overdue
4343,96,2025-03-31,2025-05-15,1190.65,Overdue
4344,93,2025-06-24,2025-07-24,3635.98,Open
4345,80,2025-03-05,2025-05-04,1777.52,Open
4346,50,2024-04-24,2024-06-23,959.28,Overdue
4347,10,2025-02-15,2025-04-01,1822.62,Paid
4348,85,2024-11-07,2024-12-07,4329.61,Paid
4349,39,2025-08-01,2025-09-15,2865.6,Paid
4350,96,2025-07-06,2025-08-20,2383.32,Paid
4351,84,2024-09-23,2024-10-23,1659.75,Paid
4352,102,2025-06-26,2025-08-25,5189.85,Paid
4353,19,2025-03-02,2025-03-17,689.87,Overdue
4354,24,2024-03-21,2024-04-05,3070.32,Overdue
4355,9,2025-03-12,2025-04-26,5098.08,Overdue
4356,88,2024-02-20,2024-04-05,3499.04,Open
4357,93,2025-06-10,2025-07-10,7826.07,Overdue
4358,80,2025-02-04,2025-03-06,4294.99,Overdue
4359,88,2025-12-14,2025-12-29,2115.21,Open
4360,109,2024-01-12,2024-03-12,770.14,Open
4361,29,2025-12-05,2026-01-04,1501.25,Paid
4362,30,2024-08-15,2024-10-14,1642.27,Paid
4363,68,2024-09-20,2024-10-20,9671.23,Open
4364,67,2025-02-14,2025-04-15,3306.42,Overdue
4365,63,2024-12-13,2025-01-27,2513.6,Paid
4366,83,2025-01-14,2025-02-13,2180.15,Overdue
4367,61,2024-09-10,2024-10-25,6281.67,Paid
4368,21,2025-10-20,2025-12-04,91.88,Open
4369,18,2025-07-04,2025-09-02,5197.71,Overdue
4370,103,2024-01-17,2024-03-02,2487.09,Paid
4371,23,2025-03-08,2025-03-23,6223.47,Paid
4372,105,2024-11-23,2025-01-07,2104.46,Overdue
4373,16,2024-11-22,2025-01-06,363.48,Paid
4374,58,2025-05-27,2025-06-11,1561.72,Overdue
4375,15,2025-07-10,2025-07-25,1332.74,Paid
4376,107,2024-08-20,2024-10-04,1689.28,Overdue
4377,100,2025-12-15,2026-01-14,2783.29,Overdue
4378,90,2025-08-29,2025-10-13,1482.99,Overdue
4379,63,2024-08-09,2024-08-24,2431.4,Open
4380,60,2025-11-11,2025-12-11,616.03,Paid
4381,55,2024-10-22,2024-12-06,394.04,Paid
4382,12,2024-09-28,2024-10-28,1427.25,Open
4383,34,2024-01-18,2024-03-18,1096.7,Open
4384,7,2025-05-27,2025-07-26,1248.47,Paid
4385,47,2025-12-27,2026-01-26,5299.1,Paid
4386,72,2024-01-01,2024-01-31,3602.24,Paid
4387,107,2025-08-16,2025-08-31,1715.22,Paid
4388,90,2024-10-22,2024-11-06,7120.98,Paid
4389,39,2024-04-08,2024-04-23,1638.94,Paid
4390,76,2024-04-07,2024-05-07,973.98,Paid
4391,81,2024-03-28,2024-04-27,631.15,Paid
4392,56,2025-08-10,2025-08-25,6410.7,Open
4393,20,2025-06-14,2025-07-14,5140.26,Paid
4394,17,2024-10-28,2024-11-12,2429.68,Overdue
4395,47,2025-11-01,2025-12-31,3777.43,Paid
4396,60,2025-10-18,2025-12-02,624.21,Open
4397,8,2025-11-14,2026-01-13,1373.21,Paid
4398,110,2024-06-17,2024-07-02,7057.65,Paid
4399,95,2024-10-31,2024-12-30,6044.17,Paid
4400,58,2024-06-11,2024-06-26,1554.61,Overdue
4401,9,2024-11-14,2024-11-29,1812.84,Paid
4402,95,2025-08-12,2025-08-27,3657.5,Overdue
4403,66,2025-01-15,2025-03-01,1459.87,Overdue
4404,108,2025-05-02,2025-07-01,2403.8,Paid
4405,4,2025-02-04,2025-03-06,980.47,Paid
4406,52,2025-02-19,2025-04-20,2845.45,Open
4407,40,2025-09-07,2025-11-06,4467.13,Paid
4408,115,2024-06-25,2024-08-24,3830.85,Open
4409,107,2024-03-25,2024-04-09,3166.31,Paid
4410,7,2024-06-25,2024-07-10,634.98,Open
4411,55,2025-02-12,2025-04-13,1678.52,Paid
4412,42,2024-01-17,2024-03-17,5449.66,Overdue
4413,17,2025-10-28,2025-11-12,2722.35,Paid
4414,89,2024-08-25,2024-09-09,4329.03,Paid
4415,24,2025-08-19,2025-10-18,2282.35,Paid
4416,7,2024-12-19,2025-02-17,1162.98,Paid
4417,37,2024-08-28,2024-09-12,3762.81,Paid
4418,29,2024-10-01,2024-11-30,3515.39,Open
4419,38,2025-10-10,2025-10-25,2033.23,Overdue
4420,36,2024-04-08,2024-05-08,1377.95,Paid
4421,3,2024-07-13,2024-09-11,518.46,Open
4422,51,2025-01-12,2025-02-26,1895.99,Paid
4423,72,2025-03-14,2025-03-29,6586.52,Overdue
4424,89,2024-04-14,2024-04-29,3994.12,Paid
4425,109,2024-07-13,2024-08-27,6494.56,Open
4426,48,2025-04-19,2025-05-19,2633.33,Paid
4427,89,2024-03-15,2024-03-30,500.44,Paid
4428,13,2024-12-16,2025-01-30,773.28,Open
4429,13,2025-05-10,2025-06-24,2538.15,Paid
4430,18,2024-12-30,2025-01-29,3925.96,Paid
4431,113,2024-02-12,2024-02-27,1223.38,Overdue
4432,16,2024-12-15,2024-12-30,5732.74,Paid
4433,80,2024-04-19,2024-05-04,1622.88,Paid
4434,28,2025-04-03,2025-04-18,762.7,Paid
4435,80,2024-05-23,2024-07-07,3481.7,Open
4436,74,2024-03-06,2024-03-21,2842.9,Paid
4437,115,2025-04-13,2025-05-28,2063.66,Paid
4438,17,2024-11-14,2025-01-13,1530.91,Paid
4439,8,2025-10-25,2025-11-09,1394.07,Open
4440,30,2025-12-17,2026-01-31,5066.85,Paid
4441,69,2025-03-16,2025-05-15,2437.18,Open
4442,27,2024-11-16,2024-12-01,1083.53,Open
4443,96,2025-09-04,2025-09-19,4599.8,Open
4444,27,2025-12-30,2026-01-29,2016.22,Paid
4445,88,2024-02-01,2024-04-01,4039.69,Paid
4446,50,2024-03-15,2024-05-14,2953.05,Paid
4447,45,2025-02-08,2025-02-23,4126.72,Overdue
4448,68,2024-04-19,2024-06-03,4746.81,Open
4449,117,2024-06-17,2024-07-02,243.45,Paid
4450,87,2024-11-05,2024-12-20,1113.14,Paid
4451,97,2025-08-26,2025-09-10,3070.77,Overdue
4452,102,2024-02-21,2024-04-06,2481.38,Paid
4453,71,2025-03-02,2025-04-16,2680.71,Open
4454,20,2024-08-22,2024-09-21,1056.98,Open
4455,14,2025-01-11,2025-03-12,4141.02,Open
4456,21,2024-02-09,2024-02-24,2011.31,Open
4457,20,2024-08-27,2024-10-26,2205.57,Open
4458,108,2024-08-04,2024-08-19,3707.95,Overdue
4459,62,2024-04-06,2024-06-05,886.72,Open
4460,44,2025-06-19,2025-08-18,1679.45,Paid
4461,119,2024-01-14,2024-03-14,2225.94,Paid
4462,115,2025-12-12,2026-02-10,2062.36,Overdue
4463,38,2025-05-07,2025-06-06,1826.99,Paid
4464,24,2024-09-08,2024-10-08,1027.54,Paid
4465,100,2024-07-20,2024-08-04,1581.33,Paid
4466,43,2024-01-21,2024-02-05,463.94,Paid
4467,113,2025-12-04,2025-12-19,2451.45,Paid
4468,93,2024-03-03,2024-04-02,5004.5,Open
4469,21,2024-07-02,2024-08-31,2927.23,Paid
4470,110,2025-12-16,2025-12-31,3422.39,Overdue
4471,114,2025-08-20,2025-09-04,1726.54,Open
4472,63,2024-07-13,2024-09-11,3608.15,Open
4473,14,2025-05-16,2025-05-31,4737.23,Paid
4474,61,2024-03-02,2024-03-17,2628.0,Open
4475,68,2024-10-12,2024-12-11,1754.86,Paid
4476,40,2025-02-03,2025-03-05,5191.27,Paid
4477,38,2025-04-16,2025-06-15,2425.06,Overdue
4478,85,2024-10-02,2024-11-01,1264.44,Paid
4479,71,2025-05-02,2025-07-01,1283.97,Paid
4480,103,2025-12-15,2025-12-30,1551.42,Paid
4481,74,2025-01-28,2025-03-29,4253.26,Open
4482,106,2025-02-26,2025-04-27,3499.19,Paid
4483,84,2024-03-22,2024-05-06,3758.75,Paid
4484,75,2024-02-19,2024-04-04,787.01,Paid
4485,23,2025-12-26,2026-01-10,1952.15,Open
4486,64,2024-08-25,2024-09-09,86.85,Open
4487,64,2024-04-30,2024-06-29,5893.51,Open
4488,48,2025-04-12,2025-05-12,3365.39,Paid
4489,41,2024-05-07,2024-05-22,2631.63,Paid
4490,7,2024-06-12,2024-06-27,2666.92,Open
4491,64,2025-01-09,2025-01-24,2740.01,Paid
4492,92,2025-11-15,2025-12-15,6392.26,Paid
4493,41,2025-10-27,2025-11-26,3092.06,Open
4494,93,2025-08-27,2025-10-26,787.73,Open
4495,91,2024-12-03,2025-02-01,1595.5,Overdue
4496,112,2025-02-26,2025-03-13,848.9,Paid
4497,1,2025-10-31,2025-12-30,3282.26,Open
4498,69,2025-04-13,2025-05-13,8890.88,Paid
4499,23,2024-09-11,2024-09-26,3908.52,Open
4500,118,2024-05-29,2024-07-28,4091.93,Paid
4501,66,2025-07-31,2025-09-29,10188.53,Open
4502,64,2025-03-08,2025-03-23,6948.92,Paid
4503,72,2025-05-15,2025-06-14,1946.55,Overdue
4504,57,2024-11-15,2024-12-30,1260.36,Paid
4505,10,2024-07-31,2024-09-29,2473.48,Paid
4506,117,2024-01-31,2024-03-01,4378.9,Paid
4507,1,2024-06-08,2024-07-23,2062.91,Paid
4508,70,2025-06-09,2025-07-24,2527.11,Overdue
4509,86,2024-08-22,2024-10-21,2002.56,Paid
4510,93,2024-12-13,2024-12-28,1944.46,Paid
4511,56,2024-09-08,2024-11-07,2633.7,Paid
4512,28,2025-10-22,2025-11-06,1783.69,Overdue
4513,20,2024-04-17,2024-05-17,1682.52,Paid
4514,111,2024-06-29,2024-07-14,3650.0,Overdue
4515,65,2024-07-10,2024-08-09,1073.57,Paid
4516,1,2024-03-30,2024-04-14,9766.57,Paid
4517,33,2025-04-10,2025-05-25,2386.56,Paid
4518,108,2025-01-25,2025-03-26,2463.36,Paid
4519,51,2024-10-03,2024-10-18,2164.22,Paid
4520,91,2024-08-17,2024-10-01,271.64,Overdue
4521,27,2024-02-06,2024-03-22,2430.71,Paid
4522,1,2024-11-11,2024-12-26,4308.89,Overdue
4523,34,2024-07-27,2024-08-11,4843.28,Paid
4524,104,2025-09-11,2025-10-11,1865.05,Paid
4525,26,2024-05-01,2024-05-31,2313.85,Paid
4526,89,2025-05-08,2025-06-07,3046.34,Paid
4527,58,2025-06-05,2025-08-04,1708.18,Open
4528,90,2025-05-17,2025-06-16,889.97,Overdue
4529,49,2024-01-08,2024-03-08,3261.78,Open
4530,33,2024-05-28,2024-07-12,2048.97,Paid
4531,105,2025-09-20,2025-10-20,4054.17,Overdue
4532,83,2025-01-30,2025-02-14,4308.1,Paid
4533,25,2024-12-07,2024-12-22,1156.86,Paid
4534,72,2024-04-21,2024-05-06,3489.08,Overdue
4535,117,2025-07-10,2025-08-24,6827.57,Overdue
4536,93,2024-04-23,2024-06-22,4104.84,Paid
4537,64,2025-06-13,2025-07-28,1418.93,Paid
4538,19,2025-09-29,2025-10-14,2499.12,Open
4539,59,2025-07-14,2025-07-29,4260.91,Paid
4540,119,2024-04-18,2024-06-17,3632.04,Paid
4541,90,2024-02-20,2024-04-05,2587.2,Overdue
4542,11,2024-03-05,2024-05-04,2087.36,Paid
4543,14,2025-03-15,2025-03-30,4064.45,Paid
4544,3,2025-09-14,2025-10-29,2897.2,Open
4545,112,2024-04-06,2024-04-21,2344.15,Paid
4546,41,2025-02-28,2025-03-30,5101.13,Paid
4547,24,2024-05-25,2024-07-09,2359.94,Paid
4548,117,2024-12-04,2025-01-03,8040.84,Paid
4549,35,2024-12-30,2025-01-29,1874.62,Paid
4550,59,2025-04-18,2025-05-18,3592.59,Overdue
4551,107,2024-07-29,2024-08-13,2911.4,Paid
4552,92,2025-12-10,2026-01-24,3547.62,Overdue
4553,4,2025-03-19,2025-05-18,3136.67,Overdue
4554,51,2025-06-25,2025-07-10,2095.48,Paid
4555,84,2024-08-23,2024-09-07,5270.94,Paid
4556,75,2025-10-04,2025-11-18,1780.25,Open
4557,89,2025-05-09,2025-06-08,1980.47,Paid
4558,87,2025-10-18,2025-11-17,3444.55,Paid
4559,107,2024-09-23,2024-11-22,1045.86,Paid
4560,3,2024-02-14,2024-02-29,1092.12,Paid
4561,24,2024-11-17,2025-01-16,4994.06,Paid
4562,86,2024-07-21,2024-08-05,4320.83,Paid
4563,18,2024-03-21,2024-05-20,5285.44,Paid
4564,102,2025-12-27,2026-02-25,1076.93,Paid
4565,24,2024-05-04,2024-06-18,1600.41,Paid
4566,20,2025-05-02,2025-06-16,2912.91,Overdue
4567,55,2024-11-14,2024-12-29,6438.24,Open
4568,68,2024-11-04,2024-12-04,3954.1,Open
4569,108,2025-09-17,2025-11-01,2468.23,Paid
4570,51,2025-07-28,2025-09-26,2744.47,Paid
4571,45,2025-09-05,2025-10-20,462.51,Paid
4572,89,2024-10-06,2024-12-05,2059.88,Open
4573,23,2025-12-02,2026-01-01,2600.95,Paid
4574,31,2025-04-28,2025-05-13,3172.69,Open
4575,93,2025-04-08,2025-06-07,3616.63,Overdue
4576,98,2024-01-03,2024-02-02,7687.76,Paid
4577,112,2024-06-26,2024-07-26,3485.13,Paid
4578,114,2024-08-07,2024-10-06,4993.45,Overdue
4579,81,2024-09-13,2024-10-28,1601.72,Open
4580,29,2025-04-23,2025-06-07,2919.47,Paid
4581,2,2024-11-06,2024-12-06,904.87,Paid
4582,110,2024-04-12,2024-06-11,3546.62,Overdue
4583,43,2024-01-06,2024-03-06,5633.67,Open
4584,46,2024-07-16,2024-08-15,1113.34,Paid
4585,4,2025-05-25,2025-06-24,5407.2,Open
4586,29,2024-04-28,2024-06-12,1907.21,Overdue
4587,21,2024-08-25,2024-10-24,2692.97,Overdue
4588,10,2024-10-29,2024-11-28,2831.17,Overdue
4589,117,2025-07-29,2025-09-27,1668.5,Open
4590,102,2025-08-21,2025-10-20,5743.15,Paid
4591,112,2024-03-03,2024-05-02,3186.01,Open
4592,110,2024-02-10,2024-03-26,3682.66,Paid
4593,89,2024-04-19,2024-05-04,9152.83,Overdue
4594,80,2024-08-05,2024-09-04,1471.6,Overdue
4595,107,2025-05-13,2025-06-27,1114.19,Paid
4596,28,2024-04-18,2024-05-03,2785.87,Paid
4597,61,2025-11-15,2025-12-15,3068.07,Open
4598,100,2024-10-15,2024-11-14,1595.82,Overdue
4599,108,2024-08-14,2024-08-29,4602.52,Paid
4600,106,2025-02-25,2025-04-26,915.9,Paid
4601,35,2024-02-25,2024-03-11,4324.29,Open
4602,112,2025-12-26,2026-02-24,5280.5,Overdue
4603,19,2025-12-13,2026-01-27,454.19,Open
4604,71,2024-12-05,2025-01-19,2445.37,Overdue
4605,119,2024-12-18,2025-01-02,743.25,Open
4606,85,2024-07-27,2024-09-10,2866.91,Open
4607,86,2025-07-24,2025-08-08,414.74,Paid
4608,93,2024-01-15,2024-02-14,2911.88,Paid
4609,50,2025-10-16,2025-12-15,2237.52,Paid
4610,58,2024-11-21,2025-01-20,3103.02,Paid
4611,73,2024-12-11,2025-02-09,3939.66,Paid
4612,86,2024-01-17,2024-03-17,4209.12,Paid
4613,20,2024-11-12,2024-12-12,2056.14,Paid
4614,5,2025-03-09,2025-04-23,1661.17,Open
4615,113,2024-09-09,2024-09-24,5140.38,Paid
4616,92,2024-02-18,2024-03-04,6580.37,Paid
4617,102,2025-04-21,2025-06-05,1452.97,Overdue
4618,21,2024-06-14,2024-07-14,3911.64,Overdue
4619,38,2024-01-02,2024-03-02,1382.16,Paid
4620,84,2025-12-10,2025-12-25,1573.2,Paid
4621,37,2024-10-25,2024-11-24,6689.27,Paid
4622,118,2025-08-15,2025-09-29,3459.42,Paid
4623,5,2025-04-28,2025-05-28,3409.26,Paid
4624,4,2024-11-02,2024-12-17,3349.95,Paid
4625,66,2024-08-30,2024-09-29,3449.76,Paid
4626,111,2025-11-03,2026-01-02,2307.91,Overdue
4627,3,2024-04-12,2024-04-27,1268.33,Paid
4628,71,2024-08-19,2024-09-18,2702.71,Overdue
4629,41,2025-03-29,2025-04-28,1932.19,Paid
4630,94,2025-02-10,2025-02-25,4564.65,Open
4631,85,2025-01-22,2025-03-23,2323.64,Overdue
4632,90,2024-07-06,2024-08-20,1837.97,Open
4633,118,2024-04-16,2024-06-15,3602.66,Paid
4634,39,2025-11-19,2026-01-03,4286.41,Paid
4635,54,2024-09-19,2024-10-04,1302.65,Open
4636,68,2025-08-23,2025-09-22,764.62,Paid
4637,33,2025-01-04,2025-02-03,1290.64,Paid
4638,53,2025-08-24,2025-09-08,2938.64,Paid
4639,86,2024-06-17,2024-08-16,5698.71,Paid
4640,114,2024-04-23,2024-05-23,1202.6,Overdue
4641,98,2024-08-12,2024-10-11,3839.36,Paid
4642,113,2025-07-28,2025-08-27,4275.34,Overdue
4643,18,2025-04-17,2025-05-02,2904.98,Open
4644,81,2025-11-30,2025-12-30,4244.69,Overdue
4645,114,2024-04-29,2024-05-14,4231.95,Open
4646,80,2025-04-19,2025-05-04,3225.56,Paid
4647,77,2025-05-20,2025-07-19,7856.44,Overdue
4648,114,2025-06-18,2025-08-17,4449.31,Paid
4649,58,2024-12-02,2025-01-31,6171.35,Paid
4650,26,2024-12-31,2025-02-14,470.22,Paid
4651,35,2025-10-17,2025-11-16,680.29,Open
4652,98,2025-10-21,2025-12-20,1559.04,Paid
4653,84,2024-05-06,2024-05-21,5609.58,Paid
4654,98,2025-09-10,2025-09-25,2547.34,Paid
4655,11,2024-07-17,2024-08-01,1610.14,Paid
4656,109,2025-04-23,2025-06-07,2816.05,Paid
4657,108,2024-09-18,2024-11-02,262.88,Paid
4658,43,2024-04-04,2024-05-04,472.74,Overdue
4659,88,2025-07-09,2025-08-23,805.56,Paid
4660,56,2025-03-15,2025-04-29,3850.14,Open
4661,109,2025-02-16,2025-03-18,5413.27,Paid
4662,94,2025-01-05,2025-01-20,1768.79,Overdue
4663,68,2025-02-07,2025-04-08,4606.91,Paid
4664,8,2024-12-14,2025-01-13,1725.69,Open
4665,79,2024-01-30,2024-02-14,2039.39,Paid
4666,4,2024-09-25,2024-10-10,3512.16,Paid
4667,108,2024-07-04,2024-08-03,1076.06,Paid
4668,60,2024-10-06,2024-11-05,2294.99,Overdue
4669,97,2025-02-09,2025-03-11,2159.04,Overdue
4670,110,2024-11-21,2025-01-05,2110.92,Open
4671,52,2024-02-28,2024-04-28,2763.36,Paid
4672,49,2024-07-31,2024-09-29,6632.9,Paid
4673,15,2024-09-22,2024-10-22,1006.45,Paid
4674,21,2025-03-19,2025-05-03,826.59,Open
4675,79,2024-01-21,2024-03-21,2272.8,Paid
4676,51,2025-01-12,2025-02-11,2570.29,Paid
4677,49,2025-08-31,2025-10-30,1142.62,Paid
4678,7,2025-12-30,2026-02-28,1928.89,Paid
4679,12,2025-03-11,2025-03-26,2125.09,Paid
4680,22,2025-09-23,2025-10-08,5259.4,Open
4681,88,2025-11-22,2026-01-21,4759.98,Open
4682,65,2024-01-06,2024-02-20,3184.68,Open
4683,26,2025-04-21,2025-06-05,3348.38,Paid
4684,42,2025-11-17,2025-12-17,661.68,Paid
4685,35,2025-11-08,2025-12-23,3385.24,Paid
4686,104,2024-01-21,2024-03-06,3079.7,Overdue
4687,85,2024-11-04,2024-12-19,2081.52,Overdue
4688,19,2025-06-21,2025-08-05,2934.29,Paid
4689,46,2025-09-25,2025-11-09,4615.87,Open
4690,5,2025-03-28,2025-05-12,6552.63,Open
4691,34,2024-06-15,2024-06-30,3903.39,Open
4692,67,2025-05-30,2025-07-14,1253.36,Open
4693,53,2025-04-18,2025-06-17,3482.7,Overdue
4694,93,2025-03-04,2025-04-18,1919.98,Open
4695,74,2024-07-01,2024-07-31,2535.13,Paid
4696,25,2024-08-02,2024-09-01,3413.71,Paid
4697,8,2025-03-22,2025-05-06,671.93,Overdue
4698,60,2024-02-17,2024-04-02,926.55,Paid
4699,115,2025-02-07,2025-02-22,1035.26,Paid
4700,25,2024-12-16,2025-01-15,431.6,Paid
4701,58,2025-11-23,2026-01-07,2654.11,Paid
4702,85,2025-03-09,2025-03-24,2914.09,Open
4703,40,2024-11-16,2024-12-16,337.25,Overdue
4704,62,2024-09-17,2024-11-01,677.97,Paid
4705,22,2024-05-25,2024-06-09,3876.24,Open
4706,63,2025-10-23,2025-12-22,2246.09,Paid
4707,102,2024-05-19,2024-06-18,1792.54,Open
4708,9,2024-05-22,2024-06-21,2019.82,Overdue
4709,61,2024-01-11,2024-03-11,1913.36,Paid
4710,64,2024-12-12,2025-01-26,723.06,Overdue
4711,54,2024-03-02,2024-04-01,1686.14,Overdue
4712,102,2025-01-05,2025-02-04,2164.66,Open
4713,78,2025-01-05,2025-02-19,2528.17,Paid
4714,86,2024-03-05,2024-03-20,1963.16,Overdue
4715,41,2025-04-25,2025-05-25,2405.54,Paid
4716,8,2024-10-21,2024-11-05,2445.37,Paid
4717,37,2024-03-06,2024-03-21,2068.18,Paid
4718,21,2024-07-25,2024-08-09,3864.59,Paid
4719,15,2025-12-30,2026-01-14,689.23,Open
4720,76,2025-06-03,2025-06-18,2433.94,Overdue
4721,113,2025-04-20,2025-06-19,8060.11,Paid
4722,4,2024-10-21,2024-11-20,1342.81,Paid
4723,46,2024-05-22,2024-07-06,1881.12,Paid
4724,76,2024-04-12,2024-06-11,2755.32,Paid
4725,48,2024-10-25,2024-11-09,1568.94,Paid
4726,33,2024-04-23,2024-05-23,4006.54,Paid
4727,46,2025-11-16,2025-12-16,368.58,Overdue
4728,41,2025-11-11,2025-11-26,7628.1,Paid
4729,93,2024-01-03,2024-01-18,2797.93,Open
4730,22,2025-08-07,2025-10-06,3476.41,Overdue
4731,78,2024-09-06,2024-10-06,1233.54,Paid
4732,63,2025-08-15,2025-09-14,5168.85,Paid
4733,10,2024-09-10,2024-10-10,1381.43,Overdue
4734,83,2025-09-02,2025-10-17,4001.94,Paid
4735,63,2024-03-07,2024-05-06,2802.49,Paid
4736,45,2024-10-14,2024-11-13,2344.94,Paid
4737,40,2025-07-15,2025-07-30,734.04,Open
4738,19,2025-01-11,2025-02-25,1140.82,Open
4739,103,2025-04-16,2025-05-31,666.79,Overdue
4740,12,2024-03-06,2024-05-05,2579.9,Open
4741,117,2025-08-30,2025-09-14,3610.57,Overdue
4742,32,2025-10-28,2025-11-12,7604.94,Paid
4743,24,2024-04-23,2024-06-07,2689.31,Paid
4744,95,2025-05-26,2025-07-25,3400.59,Paid
4745,1,2025-11-05,2026-01-04,2062.86,Paid
4746,113,2024-02-15,2024-03-01,3268.38,Open
4747,114,2024-12-12,2025-01-26,5590.55,Open
4748,18,2024-02-26,2024-03-12,2014.48,Overdue
4749,49,2024-08-15,2024-09-29,4622.7,Paid
4750,68,2024-02-26,2024-04-26,4207.83,Paid
4751,65,2025-11-17,2026-01-01,4257.79,Overdue
4752,36,2025-12-17,2026-01-16,1553.32,Paid
4753,61,2025-10-02,2025-11-01,5490.17,Paid
4754,11,2024-05-11,2024-07-10,2369.07,Open
4755,116,2024-10-19,2024-12-03,2485.25,Open
4756,72,2024-08-24,2024-10-23,2433.06,Overdue
4757,17,2025-01-07,2025-02-21,2292.06,Overdue
4758,76,2024-09-19,2024-11-18,1738.89,Paid
4759,44,2024-11-12,2024-12-12,1471.08,Paid
4760,86,2025-01-25,2025-03-26,1405.53,Paid
4761,44,2024-09-08,2024-09-23,1422.16,Paid
4762,46,2024-01-02,2024-03-02,3263.91,Paid
4763,6,2025-03-31,2025-04-15,4502.08,Paid
4764,93,2025-01-02,2025-02-01,4631.17,Paid
4765,74,2024-05-29,2024-07-28,2160.69,Paid
4766,8,2024-10-01,2024-11-15,3365.06,Paid
4767,28,2025-04-06,2025-05-06,4694.63,Paid
4768,12,2024-05-18,2024-06-02,2058.53,Open
4769,29,2024-10-10,2024-11-24,410.97,Paid
4770,60,2024-03-09,2024-05-08,1549.65,Overdue
4771,98,2025-04-01,2025-05-01,1036.69,Overdue
4772,80,2024-08-03,2024-09-02,930.24,Overdue
4773,85,2025-09-05,2025-10-05,1199.11,Open
4774,54,2024-06-21,2024-08-05,2834.53,Overdue
4775,1,2025-05-16,2025-07-15,260.97,Overdue
4776,77,2025-07-21,2025-08-20,6589.23,Overdue
4777,43,2024-06-20,2024-08-04,1982.1,Open
4778,56,2024-08-05,2024-10-04,170.3,Overdue
4779,17,2024-11-25,2025-01-24,1324.21,Paid
4780,48,2024-12-17,2025-01-31,2632.67,Paid
4781,62,2024-09-28,2024-11-27,2574.69,Paid
4782,28,2025-03-27,2025-05-11,1200.74,Overdue
4783,70,2024-09-11,2024-09-26,5818.02,Paid
4784,27,2025-07-11,2025-07-26,4040.62,Paid
4785,103,2024-12-04,2025-02-02,621.66,Paid
4786,95,2025-05-31,2025-06-30,2957.47,Paid
4787,67,2024-11-12,2024-12-12,834.49,Paid
4788,119,2025-08-12,2025-09-26,2444.68,Paid
4789,27,2024-09-02,2024-10-02,5527.15,Open
4790,52,2024-09-24,2024-11-08,4650.53,Overdue
4791,65,2024-09-25,2024-10-10,3397.98,Paid
4792,82,2025-07-19,2025-08-03,8501.06,Overdue
4793,65,2025-02-02,2025-02-17,638.01,Paid
4794,75,2024-09-20,2024-11-04,1539.45,Paid
4795,79,2025-06-07,2025-07-22,1908.13,Paid
4796,65,2025-01-23,2025-02-07,4314.14,Overdue
4797,49,2024-05-26,2024-07-25,7942.28,Overdue
4798,72,2024-03-10,2024-05-09,7311.0,Paid
4799,38,2025-11-07,2025-12-22,3213.37,Paid
4800,106,2024-09-26,2024-11-25,1512.73,Overdue
4801,42,2024-01-28,2024-02-12,4089.88,Overdue
4802,72,2024-12-15,2025-01-14,4818.78,Overdue
4803,63,2024-04-13,2024-06-12,1079.41,Paid
4804,82,2024-02-26,2024-03-27,524.18,Open
4805,114,2025-01-06,2025-02-20,1480.91,Overdue
4806,61,2025-02-22,2025-03-09,3308.83,Paid
4807,69,2025-07-06,2025-09-04,3192.16,Open
4808,93,2025-11-28,2025-12-13,2051.86,Paid
4809,92,2024-12-20,2025-02-18,3188.2,Paid
4810,25,2024-06-19,2024-07-04,1244.85,Paid
4811,94,2024-03-20,2024-04-19,2846.5,Paid
4812,12,2024-03-11,2024-03-26,682.91,Paid
4813,15,2024-04-04,2024-04-19,4384.41,Paid
4814,114,2024-02-08,2024-04-08,5373.8,Paid
4815,11,2024-05-01,2024-05-31,5054.05,Open
4816,80,2024-10-08,2024-11-22,1849.18,Overdue
4817,54,2025-02-24,2025-03-26,6940.88,Open
4818,22,2024-05-11,2024-06-25,7102.32,Paid
4819,102,2025-08-13,2025-09-27,4222.21,Overdue
4820,115,2025-08-30,2025-09-14,5440.92,Open
4821,23,2024-01-10,2024-02-24,3694.05,Open
4822,23,2024-08-25,2024-10-24,824.59,Overdue
4823,89,2025-07-02,2025-08-16,4561.35,Open
4824,19,2024-11-14,2025-01-13,1971.19,Paid
4825,44,2025-02-01,2025-04-02,2785.85,Overdue
4826,39,2025-07-05,2025-08-04,1846.61,Open
4827,69,2024-12-07,2025-01-21,3995.4,Paid
4828,71,2024-12-19,2025-02-17,1236.76,Paid
4829,54,2024-10-12,2024-11-11,7215.53,Paid
4830,107,2025-06-18,2025-08-02,651.3,Paid
4831,52,2024-10-28,2024-12-27,4090.08,Paid
4832,9,2025-02-15,2025-03-02,1515.75,Paid
4833,13,2025-04-12,2025-06-11,1666.61,Open
4834,98,2025-02-07,2025-02-22,4642.17,Overdue
4835,99,2025-04-25,2025-05-25,3031.15,Overdue
4836,68,2024-02-16,2024-04-16,1548.69,Paid
4837,25,2024-11-20,2024-12-20,1658.19,Open
4838,120,2024-10-22,2024-12-21,5707.61,Paid
4839,58,2025-03-18,2025-04-17,4126.93,Paid
4840,50,2024-11-20,2024-12-20,3797.85,Open
4841,57,2025-02-28,2025-03-15,387.67,Paid
4842,46,2025-02-14,2025-04-15,1450.45,Paid
4843,91,2025-07-04,2025-09-02,5474.78,Paid
4844,113,2025-03-15,2025-04-29,2634.36,Open
4845,52,2024-05-15,2024-05-30,3771.11,Paid
4846,6,2024-08-24,2024-09-23,1940.56,Overdue
4847,87,2025-08-26,2025-09-25,4837.72,Open
4848,118,2025-05-03,2025-07-02,6594.38,Paid
4849,14,2024-03-19,2024-04-18,1061.03,Paid
4850,16,2025-08-01,2025-08-16,1810.04,Open
4851,21,2025-12-16,2026-02-14,6203.02,Open
4852,119,2024-06-01,2024-07-01,581.79,Paid
4853,99,2024-10-29,2024-11-28,7048.31,Open
4854,28,2025-04-04,2025-04-19,11546.69,Paid
4855,118,2024-08-06,2024-10-05,1389.81,Open
4856,45,2024-07-18,2024-09-01,1115.86,Paid
4857,116,2024-04-27,2024-06-11,3467.59,Overdue
4858,113,2025-12-04,2026-01-03,2533.0,Paid
4859,55,2024-02-18,2024-04-18,765.11,Overdue
4860,24,2024-03-28,2024-04-27,315.5,Open
4861,49,2025-07-15,2025-09-13,4647.1,Paid
4862,82,2024-05-16,2024-06-30,2584.36,Paid
4863,41,2025-06-05,2025-08-04,5705.8,Paid
4864,12,2025-02-06,2025-03-08,5644.52,Open
4865,77,2024-04-17,2024-05-17,1015.86,Paid
4866,96,2024-03-28,2024-04-27,1062.49,Paid
4867,89,2025-12-14,2026-02-12,4549.48,Paid
4868,53,2024-09-22,2024-11-06,4485.68,Paid
4869,96,2024-04-09,2024-06-08,3856.11,Paid
4870,33,2025-08-14,2025-09-13,4889.5,Paid
4871,22,2025-09-18,2025-11-02,5223.0,Open
4872,44,2024-02-25,2024-04-25,1695.93,Overdue
4873,60,2025-07-31,2025-08-15,3121.61,Overdue
4874,117,2025-07-23,2025-08-22,5109.32,Open
4875,17,2024-05-08,2024-07-07,2114.51,Open
4876,114,2025-08-13,2025-09-12,1409.4,Open
4877,32,2024-10-23,2024-12-22,4316.47,Open
4878,112,2025-10-10,2025-12-09,1188.82,Paid
4879,78,2024-07-10,2024-09-08,4105.41,Paid
4880,39,2024-08-01,2024-08-31,1522.99,Paid
4881,31,2025-07-26,2025-09-24,1003.01,Overdue
4882,28,2025-03-10,2025-03-25,1429.27,Paid
4883,42,2025-02-17,2025-04-18,532.89,Open
4884,83,2025-12-03,2025-12-18,439.63,Overdue
4885,53,2025-03-23,2025-04-07,1057.65,Overdue
4886,59,2024-12-25,2025-02-23,2019.13,Open
4887,87,2024-02-18,2024-03-19,1063.54,Paid
4888,4,2024-05-16,2024-06-15,1996.39,Paid
4889,48,2024-01-02,2024-02-16,1563.04,Paid
4890,95,2024-10-11,2024-11-25,742.5,Paid
4891,112,2024-08-19,2024-10-03,1925.38,Open
4892,3,2024-12-07,2025-01-21,8140.67,Overdue
4893,58,2024-12-23,2025-02-06,1230.57,Paid
4894,84,2024-07-14,2024-08-28,2959.19,Open
4895,31,2025-01-17,2025-02-01,3322.72,Overdue
4896,111,2025-03-20,2025-05-19,8554.84,Paid
4897,10,2024-12-18,2025-02-16,7202.44,Open
4898,27,2024-03-11,2024-05-10,786.53,Paid
4899,4,2025-06-12,2025-07-12,4894.47,Paid
4900,94,2025-05-04,2025-07-03,6157.13,Open
4901,108,2025-11-07,2025-12-07,731.03,Paid
4902,73,2025-10-16,2025-12-15,8167.84,Overdue
4903,50,2024-06-04,2024-07-19,3867.49,Paid
4904,90,2025-09-24,2025-10-09,1132.94,Overdue
4905,30,2025-07-06,2025-07-21,2010.58,Paid
4906,54,2025-01-11,2025-02-25,5759.8,Open
4907,85,2025-04-28,2025-06-27,2861.59,Paid
4908,95,2024-01-04,2024-03-04,4608.67,Paid
4909,100,2025-12-13,2025-12-28,2639.77,Overdue
4910,60,2024-11-29,2024-12-14,1160.33,Overdue
4911,18,2024-06-19,2024-07-19,1009.4,Open
4912,67,2024-03-06,2024-05-05,7682.83,Paid
4913,68,2024-03-09,2024-04-08,2685.68,Paid
4914,78,2025-07-01,2025-07-31,2194.18,Open
4915,113,2024-07-28,2024-09-11,3069.45,Paid
4916,100,2025-11-13,2025-12-13,3705.69,Paid
4917,93,2025-03-06,2025-04-20,5077.46,Open
4918,40,2024-09-02,2024-11-01,6137.2,Paid
4919,81,2025-05-17,2025-06-01,5681.46,Paid
4920,95,2025-10-04,2025-12-03,5069.0,Paid
4921,106,2025-08-07,2025-10-06,3285.69,Open
4922,11,2025-12-26,2026-02-09,361.29,Paid
4923,75,2024-01-29,2024-03-14,1748.77,Overdue
4924,34,2025-08-20,2025-10-19,1216.33,Overdue
4925,39,2025-07-25,2025-08-09,4464.66,Paid
4926,38,2024-01-16,2024-03-01,2317.27,Paid
4927,38,2025-10-20,2025-11-04,635.76,Paid
4928,9,2024-02-23,2024-04-08,3549.54,Open
4929,103,2024-09-07,2024-11-06,3268.0,Open
4930,109,2025-11-11,2025-12-11,222.24,Overdue
4931,6,2024-05-10,2024-07-09,885.77,Paid
4932,56,2024-06-28,2024-08-12,4641.66,Overdue
4933,10,2025-01-02,2025-02-01,2339.45,Paid
4934,77,2024-08-28,2024-09-27,3549.24,Open
4935,56,2024-11-07,2025-01-06,3832.96,Paid
4936,18,2025-11-29,2025-12-14,2353.04,Open
4937,85,2025-02-11,2025-03-28,1678.13,Paid
4938,17,2024-03-30,2024-05-29,3437.47,Open
4939,118,2025-05-07,2025-05-22,4265.19,Paid
4940,34,2024-04-20,2024-06-04,3071.43,Paid
4941,75,2025-01-13,2025-01-28,944.34,Paid
4942,21,2025-08-24,2025-10-23,7555.93,Paid
4943,9,2024-09-01,2024-10-31,2941.42,Overdue
4944,109,2024-11-07,2024-11-22,3883.5,Open
4945,32,2024-09-05,2024-09-20,3924.5,Paid
4946,103,2025-06-13,2025-07-28,599.97,Paid
4947,28,2025-05-31,2025-07-30,1696.27,Paid
4948,58,2024-09-30,2024-11-29,3606.79,Paid
4949,96,2025-11-02,2025-11-17,1691.77,Open
4950,94,2024-08-20,2024-10-04,3036.05,Paid
4951,117,2025-01-27,2025-02-11,2127.03,Overdue
4952,23,2025-03-22,2025-05-21,2895.85,Paid
4953,109,2025-12-12,2026-01-11,1382.2,Overdue
4954,43,2024-03-24,2024-05-23,5289.23,Overdue
4955,115,2025-09-12,2025-11-11,1351.61,Paid
4956,116,2024-05-25,2024-07-09,1465.39,Paid
4957,38,2025-06-21,2025-08-20,5775.45,Overdue
4958,95,2025-05-22,2025-06-21,3852.56,Open
4959,114,2024-07-19,2024-08-18,2906.22,Open
4960,90,2024-04-28,2024-06-12,6127.61,Paid
4961,64,2025-04-26,2025-06-10,2650.78,Paid
4962,58,2024-12-06,2025-01-05,2727.18,Open
4963,41,2024-03-27,2024-05-26,2778.82,Overdue
4964,107,2025-09-28,2025-10-13,2948.67,Overdue
4965,63,2024-02-10,2024-02-25,2183.49,Open
4966,104,2025-06-18,2025-08-17,7897.63,Paid
4967,41,2025-02-09,2025-03-26,2120.75,Paid
4968,53,2025-09-14,2025-11-13,1513.25,Open
4969,8,2025-01-11,2025-03-12,2617.3,Overdue
4970,20,2024-08-28,2024-09-27,2861.24,Paid
4971,108,2024-10-07,2024-11-06,757.39,Overdue
4972,51,2025-12-29,2026-02-27,3149.06,Paid
4973,91,2025-11-10,2025-12-10,4217.23,Paid
4974,59,2025-05-28,2025-06-27,2309.97,Paid
4975,74,2024-03-01,2024-03-31,4375.21,Open
4976,21,2025-09-05,2025-09-20,1087.05,Paid
4977,9,2025-10-13,2025-11-27,1771.58,Paid
4978,76,2025-06-05,2025-06-20,2774.94,Open
4979,92,2024-11-20,2025-01-19,2233.71,Overdue
4980,43,2024-08-29,2024-09-28,2208.33,Paid
4981,19,2024-02-09,2024-03-25,3542.29,Overdue
4982,29,2025-05-15,2025-05-30,3674.46,Overdue
4983,106,2025-09-16,2025-11-15,2073.6,Paid
4984,33,2025-09-02,2025-10-17,2905.93,Paid
4985,34,2025-12-02,2026-01-31,2271.22,Open
4986,75,2024-07-04,2024-09-02,2660.29,Overdue
4987,7,2024-06-12,2024-08-11,2846.35,Open
4988,97,2025-05-13,2025-05-28,789.96,Open
4989,120,2024-12-22,2025-01-21,1913.2,Paid
4990,64,2025-01-21,2025-02-20,2743.88,Open
4991,57,2024-02-17,2024-03-18,5303.07,Open
4992,6,2025-09-10,2025-10-25,3080.33,Paid
4993,38,2024-07-07,2024-09-05,3691.99,Paid
4994,4,2025-08-15,2025-10-14,4103.77,Paid
4995,72,2025-10-15,2025-11-29,1119.2,Open
4996,118,2024-07-02,2024-08-31,746.82,Overdue
4997,58,2025-07-28,2025-08-27,1752.74,Paid
4998,52,2024-12-17,2025-01-01,4348.57,Paid
4999,112,2025-07-19,2025-08-18,6234.74,Paid
5000,76,2024-09-13,2024-11-12,862.33,Paid
5001,118,2024-07-08,2024-08-07,4001.43,Overdue
5002,89,2025-08-31,2025-10-15,3146.19,Paid
5003,52,2024-11-15,2024-11-30,2358.41,Paid
5004,96,2024-12-09,2025-01-08,1361.58,Overdue
5005,11,2024-12-18,2025-01-17,3731.68,Paid
5006,64,2024-03-28,2024-05-27,6296.71,Paid
5007,16,2025-03-09,2025-04-08,1394.08,Paid
5008,84,2024-06-19,2024-08-18,1481.27,Overdue
5009,68,2024-01-20,2024-03-20,4805.35,Paid
5010,27,2024-09-03,2024-10-03,5537.18,Overdue
5011,117,2024-06-01,2024-07-01,1450.31,Paid
5012,9,2024-07-29,2024-08-13,1829.39,Overdue
5013,75,2025-06-25,2025-08-09,1730.5,Open
5014,32,2024-01-14,2024-02-13,2302.39,Paid
5015,2,2024-03-11,2024-04-25,2573.73,Paid
5016,104,2024-12-31,2025-01-15,1702.26,Overdue
5017,49,2024-03-15,2024-03-30,1232.81,Paid
5018,5,2024-02-27,2024-03-28,3513.18,Overdue
5019,18,2024-10-11,2024-10-26,1782.72,Paid
5020,4,2025-10-09,2025-11-23,1491.03,Paid
5021,14,2024-05-17,2024-07-16,2303.45,Paid
5022,17,2024-09-07,2024-09-22,961.41,Paid
5023,23,2024-04-28,2024-05-13,2032.49,Open
5024,25,2024-02-02,2024-04-02,3285.8,Paid
5025,15,2025-05-02,2025-07-01,2396.97,Overdue
5026,54,2024-07-24,2024-08-08,962.89,Overdue
5027,91,2024-05-20,2024-06-04,2416.87,Paid
5028,89,2025-10-23,2025-11-22,4217.94,Overdue
5029,97,2025-06-14,2025-07-29,4427.48,Paid
5030,6,2024-05-08,2024-06-07,4244.3,Paid
5031,32,2024-09-24,2024-11-08,1374.63,Paid
5032,76,2025-03-10,2025-04-09,957.66,Open
5033,40,2024-09-26,2024-10-26,4112.96,Paid
5034,65,2024-02-07,2024-03-08,3405.62,Paid
5035,93,2024-08-20,2024-09-19,2372.39,Paid
5036,91,2024-09-04,2024-10-19,3772.51,Open
5037,48,2024-05-13,2024-05-28,2063.91,Paid
5038,99,2024-03-18,2024-05-02,2211.15,Paid
5039,92,2025-08-29,2025-10-28,1461.6,Paid
5040,113,2025-04-04,2025-04-19,3101.41,Overdue
5041,68,2025-02-03,2025-04-04,2089.48,Overdue
5042,38,2025-02-06,2025-03-08,2292.45,Overdue
5043,51,2024-03-27,2024-04-11,5006.07,Overdue
5044,47,2024-12-13,2025-01-12,3515.64,Paid
5045,116,2024-11-29,2025-01-28,5548.67,Paid
5046,86,2024-06-04,2024-07-19,3114.22,Paid
5047,111,2025-10-27,2025-11-26,1762.75,Paid
5048,61,2024-06-09,2024-06-24,4402.45,Paid
5049,93,2024-02-06,2024-04-06,1900.32,Paid
5050,62,2025-04-12,2025-06-11,445.24,Paid
5051,63,2024-02-06,2024-02-21,1583.96,Open
5052,114,2025-10-06,2025-12-05,3149.29,Open
5053,48,2024-03-19,2024-05-18,10504.41,Open
5054,88,2025-08-26,2025-09-10,7083.71,Paid
5055,76,2024-08-12,2024-09-11,7303.85,Paid
5056,6,2024-12-17,2025-02-15,2625.38,Paid
5057,66,2025-11-04,2026-01-03,1805.96,Paid
5058,103,2024-06-13,2024-08-12,4052.89,Overdue
5059,57,2025-12-28,2026-01-27,3186.63,Paid
5060,77,2025-04-06,2025-04-21,1948.91,Paid
5061,79,2025-07-10,2025-08-24,4717.46,Paid
5062,89,2025-08-11,2025-10-10,1733.57,Paid
5063,119,2025-03-02,2025-04-16,1937.9,Paid
5064,18,2024-06-12,2024-06-27,1456.43,Paid
5065,86,2025-12-06,2026-02-04,3124.78,Paid
5066,55,2024-01-12,2024-01-27,2971.03,Open
5067,95,2024-06-01,2024-07-01,621.07,Overdue
5068,71,2025-08-25,2025-09-09,4202.62,Paid
5069,34,2024-01-15,2024-02-14,1922.22,Paid
5070,52,2025-06-10,2025-07-10,3335.93,Open
5071,77,2025-02-09,2025-03-11,4817.2,Paid
5072,7,2024-10-02,2024-11-16,3030.58,Paid
5073,65,2024-04-21,2024-06-05,3402.4,Paid
5074,58,2024-02-24,2024-04-24,3114.64,Open
5075,92,2024-02-02,2024-03-03,4113.94,Paid
5076,8,2024-04-14,2024-05-29,1311.0,Open
5077,15,2024-04-19,2024-06-18,1517.79,Paid
5078,12,2025-04-22,2025-06-06,1080.36,Paid
5079,36,2024-05-13,2024-07-12,3037.08,Paid
5080,47,2025-07-25,2025-08-24,3702.25,Overdue
5081,54,2025-02-23,2025-04-09,898.98,Paid
5082,42,2025-01-15,2025-01-30,4670.56,Paid
5083,56,2024-11-26,2024-12-26,3875.18,Paid
5084,19,2024-10-18,2024-11-02,4795.69,Paid
5085,77,2025-05-12,2025-05-27,3351.77,Paid
5086,85,2025-08-08,2025-10-07,2634.25,Overdue
5087,118,2024-07-10,2024-08-09,1021.98,Paid
5088,22,2024-09-20,2024-10-05,4738.16,Paid
5089,108,2025-11-28,2025-12-13,1827.54,Paid
5090,43,2024-01-31,2024-03-31,5287.29,Overdue
5091,14,2025-08-10,2025-09-09,1779.0,Open
5092,55,2025-05-05,2025-07-04,4189.62,Open
5093,120,2024-05-23,2024-07-22,558.61,Overdue
5094,38,2025-02-26,2025-03-28,1544.63,Paid
5095,87,2025-03-17,2025-04-01,488.98,Open
5096,25,2024-10-07,2024-11-21,1995.88,Overdue
5097,111,2024-11-22,2024-12-07,3809.37,Paid
5098,117,2025-07-31,2025-08-15,1356.99,Paid
5099,24,2025-06-25,2025-08-24,2742.42,Paid
5100,25,2025-07-04,2025-09-02,1255.87,Paid
5101,84,2024-03-09,2024-04-23,516.28,Paid
5102,11,2025-08-23,2025-09-22,944.63,Paid
5103,81,2025-03-26,2025-05-10,4090.94,Open
5104,8,2024-04-14,2024-06-13,3633.06,Open
5105,1,2025-12-03,2026-01-17,1289.36,Overdue
5106,111,2025-04-07,2025-06-06,6303.21,Paid
5107,31,2025-12-12,2025-12-27,2669.35,Paid
5108,83,2025-01-22,2025-02-06,1827.72,Open
5109,112,2025-01-08,2025-02-07,5838.44,Open
5110,25,2024-03-11,2024-05-10,3193.27,Paid
5111,14,2025-03-14,2025-03-29,4558.2,Paid
5112,14,2024-05-28,2024-07-27,4273.92,Paid
5113,10,2024-05-12,2024-06-26,2723.8,Open
5114,66,2024-12-24,2025-01-23,1406.74,Paid
5115,22,2024-11-12,2025-01-11,3293.08,Paid
5116,12,2024-10-30,2024-11-14,983.4,Paid
5117,73,2025-01-26,2025-03-27,3807.13,Paid
5118,7,2025-08-17,2025-09-16,4134.92,Paid
5119,6,2024-12-23,2025-01-22,3462.13,Paid
5120,6,2025-07-03,2025-08-02,547.29,Overdue
5121,84,2024-01-12,2024-03-12,316.07,Paid
5122,50,2025-08-21,2025-09-20,3321.78,Paid
5123,99,2024-02-08,2024-02-23,2115.37,Paid
5124,14,2025-11-11,2025-12-11,1956.37,Paid
5125,72,2025-12-20,2026-01-19,2639.17,Open
5126,58,2024-10-17,2024-12-16,402.73,Paid
5127,98,2024-01-07,2024-03-07,5766.68,Overdue
5128,112,2025-01-07,2025-01-22,2213.4,Paid
5129,30,2025-10-18,2025-11-02,2911.39,Paid
5130,52,2025-10-05,2025-10-20,2970.27,Paid
5131,49,2024-10-31,2024-11-15,3502.75,Paid
5132,34,2025-12-27,2026-02-25,1791.7,Paid
5133,6,2024-10-20,2024-12-19,2658.43,Paid
5134,52,2025-03-07,2025-03-22,6365.07,Paid
5135,2,2024-06-02,2024-07-02,2239.19,Open
5136,85,2025-01-04,2025-01-19,4448.93,Open
5137,36,2025-01-19,2025-02-03,5968.7,Paid
5138,92,2025-07-21,2025-09-19,2634.1,Paid
5139,12,2025-10-14,2025-11-28,4033.78,Overdue
5140,74,2025-10-28,2025-12-12,6161.21,Overdue
5141,38,2025-11-02,2025-12-17,4555.04,Paid
5142,77,2025-09-05,2025-09-20,5040.34,Paid
5143,75,2024-08-31,2024-10-15,7250.61,Open
5144,107,2025-06-16,2025-08-15,1745.36,Paid
5145,22,2024-07-14,2024-08-28,1244.32,Paid
5146,75,2024-06-26,2024-08-25,3445.56,Open
5147,37,2025-12-26,2026-01-25,3634.43,Open
5148,25,2024-11-04,2024-12-04,5212.44,Open
5149,88,2024-07-05,2024-07-20,1026.19,Paid
5150,46,2024-12-04,2025-01-03,3877.0,Paid
5151,40,2025-08-08,2025-10-07,4283.71,Paid
5152,34,2025-05-22,2025-06-06,1694.97,Open
5153,68,2025-07-27,2025-09-10,4655.93,Paid
5154,95,2024-02-01,2024-03-17,4336.27,Paid
5155,77,2024-08-31,2024-09-30,1878.62,Open
5156,5,2024-02-23,2024-04-23,9195.28,Overdue
5157,30,2024-01-05,2024-02-19,3130.6,Overdue
5158,42,2025-01-07,2025-03-08,3323.11,Paid
5159,18,2024-09-16,2024-10-31,4853.79,Paid
5160,89,2025-04-30,2025-05-30,4339.84,Paid
5161,112,2025-03-10,2025-04-09,2439.84,Paid
5162,5,2024-10-24,2024-11-08,498.84,Paid
5163,50,2024-03-11,2024-04-25,1844.7,Overdue
5164,67,2025-10-24,2025-11-08,1682.12,Paid
5165,21,2025-03-14,2025-04-28,8824.3,Open
5166,53,2024-07-23,2024-08-07,3824.57,Overdue
5167,114,2024-09-11,2024-09-26,2257.78,Open
5168,21,2025-10-06,2025-11-20,2504.49,Paid
5169,53,2025-03-15,2025-04-29,1925.03,Paid
5170,8,2025-11-11,2026-01-10,2762.31,Paid
5171,9,2025-05-10,2025-06-24,4086.42,Paid
5172,116,2024-10-24,2024-11-23,2425.31,Open
5173,6,2024-07-24,2024-08-23,2014.69,Paid
5174,40,2024-08-27,2024-10-26,2186.55,Paid
5175,19,2024-10-28,2024-12-12,1286.71,Paid
5176,34,2025-04-30,2025-06-14,2769.42,Paid
5177,51,2025-04-02,2025-04-17,2322.73,Open
5178,1,2024-02-26,2024-04-11,1633.49,Open
5179,116,2024-03-10,2024-04-24,9177.43,Open
5180,117,2025-06-16,2025-07-01,1495.18,Paid
5181,7,2025-05-18,2025-06-02,1565.07,Paid
5182,9,2024-03-17,2024-05-01,5062.32,Open
5183,82,2025-03-07,2025-05-06,4329.83,Open
5184,95,2025-02-24,2025-03-26,2114.35,Overdue
5185,24,2025-02-26,2025-03-13,1426.01,Paid
5186,98,2024-04-01,2024-04-16,3491.93,Paid
5187,29,2024-01-16,2024-02-15,2801.16,Paid
5188,17,2024-09-10,2024-10-25,581.3,Overdue
5189,99,2025-11-09,2025-12-09,1423.81,Open
5190,9,2025-02-23,2025-04-09,1287.73,Paid
5191,72,2024-02-29,2024-04-29,7765.74,Overdue
5192,82,2024-05-13,2024-06-12,2699.19,Paid
5193,47,2024-01-20,2024-03-20,2751.23,Overdue
5194,67,2024-10-26,2024-12-10,1440.23,Paid
5195,37,2024-06-09,2024-07-24,2533.94,Paid
5196,105,2024-04-04,2024-05-04,4178.78,Overdue
5197,53,2025-05-03,2025-06-02,3027.09,Overdue
5198,36,2025-10-06,2025-11-20,897.43,Paid
5199,66,2025-03-26,2025-04-25,996.94,Overdue
5200,52,2024-02-28,2024-03-14,6688.79,Overdue
5201,32,2025-09-27,2025-11-11,2346.04,Paid
5202,110,2024-07-11,2024-07-26,3544.68,Overdue
5203,87,2025-07-25,2025-09-23,7188.79,Paid
5204,27,2024-10-09,2024-11-08,2001.34,Paid
5205,101,2025-08-07,2025-08-22,1299.68,Paid
5206,96,2024-11-16,2024-12-31,2253.98,Paid
5207,120,2024-08-06,2024-08-21,1214.95,Overdue
5208,1,2025-04-19,2025-06-18,1935.42,Paid
5209,112,2025-07-10,2025-07-25,1362.06,Paid
5210,27,2024-06-07,2024-06-22,2801.53,Overdue
5211,81,2025-07-22,2025-08-06,3964.0,Overdue
5212,94,2025-02-05,2025-04-06,3980.93,Open
5213,17,2025-09-15,2025-10-15,6122.86,Open
5214,79,2025-12-13,2026-02-11,2250.66,Paid
5215,55,2025-12-03,2026-01-17,280.44,Paid
5216,8,2025-04-23,2025-05-08,2636.54,Paid
5217,117,2025-06-08,2025-07-23,4196.89,Paid
5218,106,2024-07-19,2024-09-02,7872.25,Paid
5219,46,2024-03-25,2024-04-09,1701.16,Paid
5220,61,2025-03-27,2025-05-26,1866.38,Open
5221,53,2025-08-30,2025-09-29,3509.29,Paid
5222,101,2025-12-12,2026-01-26,3737.86,Paid
5223,107,2025-10-16,2025-10-31,2511.05,Paid
5224,1,2025-07-24,2025-09-22,2220.61,Paid
5225,24,2024-01-24,2024-02-08,2375.1,Paid
5226,11,2025-01-07,2025-01-22,1910.59,Paid
5227,6,2024-10-06,2024-10-21,6652.31,Open
5228,3,2024-06-24,2024-07-09,452.23,Paid
5229,116,2024-09-06,2024-11-05,792.02,Paid
5230,25,2024-03-06,2024-05-05,3299.89,Paid
5231,30,2025-04-18,2025-06-02,3707.64,Paid
5232,45,2024-09-18,2024-10-03,2042.39,Paid
5233,84,2025-05-12,2025-05-27,2547.72,Paid
5234,5,2025-12-27,2026-01-26,359.79,Overdue
5235,59,2025-01-10,2025-03-11,3189.65,Open
5236,102,2025-04-20,2025-05-05,1310.62,Paid
5237,98,2025-11-20,2025-12-20,5638.35,Paid
5238,42,2025-04-16,2025-06-15,1932.04,Open
5239,80,2025-08-12,2025-09-26,3486.25,Open
5240,63,2024-11-16,2025-01-15,2566.17,Overdue
5241,79,2025-11-08,2025-12-23,4451.33,Paid
5242,91,2025-12-17,2026-02-15,2631.78,Paid
5243,23,2024-04-08,2024-05-23,1118.01,Open
5244,119,2024-05-26,2024-06-10,4836.64,Paid
5245,50,2024-07-01,2024-08-15,4821.75,Paid
5246,11,2024-11-14,2024-11-29,3009.35,Paid
5247,99,2024-08-21,2024-09-20,1520.82,Paid
5248,73,2025-05-27,2025-07-26,3027.32,Open
5249,47,2025-07-30,2025-09-13,1245.95,Paid
5250,19,2024-04-19,2024-06-18,1495.75,Overdue
5251,49,2025-08-10,2025-09-09,4623.3,Open
5252,97,2025-08-19,2025-09-03,1234.72,Paid
5253,42,2025-10-14,2025-10-29,3087.34,Paid
5254,114,2024-01-31,2024-03-16,2154.75,Paid
5255,80,2025-10-18,2025-11-02,1341.48,Paid
5256,1,2024-08-12,2024-09-26,3888.53,Paid
5257,65,2025-09-06,2025-09-21,3388.04,Paid
5258,76,2024-08-30,2024-09-29,1055.3,Overdue
5259,18,2024-12-18,2025-02-16,1459.88,Open
5260,56,2024-04-25,2024-05-10,3583.26,Open
5261,76,2025-03-13,2025-04-27,4037.61,Paid
5262,73,2025-01-19,2025-03-20,1937.29,Open
5263,28,2025-07-09,2025-08-08,9480.88,Paid
5264,25,2024-08-25,2024-09-24,7370.48,Paid
5265,117,2024-01-24,2024-03-24,1564.65,Paid
5266,101,2025-10-28,2025-11-27,1930.15,Overdue
5267,77,2024-02-26,2024-04-26,4772.66,Open
5268,92,2024-02-22,2024-04-22,5849.84,Paid
5269,34,2025-10-19,2025-12-18,1489.6,Open
5270,75,2024-12-01,2025-01-15,5373.89,Open
5271,48,2024-12-25,2025-01-09,1298.28,Paid
5272,49,2025-07-02,2025-08-31,1782.81,Open
5273,119,2024-08-03,2024-10-02,5030.5,Open
5274,112,2024-08-05,2024-09-19,1788.8,Paid
5275,67,2025-10-09,2025-11-23,5947.66,Paid
5276,92,2025-10-20,2025-11-19,4280.79,Paid
5277,42,2024-07-27,2024-08-26,3629.78,Open
5278,88,2025-09-18,2025-10-18,508.46,Open
5279,46,2025-03-09,2025-04-23,7108.99,Open
5280,44,2024-08-11,2024-09-10,897.84,Overdue
5281,10,2024-07-11,2024-07-26,3978.88,Paid
5282,73,2025-10-08,2025-11-07,3500.15,Paid
5283,111,2024-01-05,2024-02-19,3069.86,Paid
5284,12,2025-04-27,2025-05-12,795.64,Paid
5285,92,2025-08-05,2025-08-20,2255.65,Overdue
5286,79,2025-05-31,2025-07-30,4021.94,Paid
5287,30,2025-02-06,2025-04-07,754.95,Overdue
5288,9,2025-05-10,2025-07-09,3925.29,Paid
5289,55,2024-11-15,2024-11-30,1740.1,Open
5290,116,2025-09-13,2025-11-12,1273.77,Paid
5291,112,2025-10-03,2025-12-02,4065.62,Open
5292,79,2024-02-25,2024-03-11,198.02,Open
5293,9,2025-01-21,2025-03-22,1191.82,Paid
5294,109,2024-10-20,2024-11-04,4081.93,Overdue
5295,78,2024-11-28,2024-12-28,3430.58,Overdue
5296,68,2025-05-15,2025-07-14,2277.21,Paid
5297,30,2024-02-12,2024-02-27,632.73,Paid
5298,34,2025-01-27,2025-03-13,1336.14,Paid
5299,102,2024-03-10,2024-05-09,2463.33,Paid
5300,24,2024-07-04,2024-09-02,3990.58,Paid
5301,21,2025-02-18,2025-04-04,2731.24,Paid
5302,54,2024-04-21,2024-05-21,2843.44,Open
5303,13,2025-09-28,2025-11-12,3683.36,Paid
5304,60,2024-11-15,2024-11-30,6580.06,Paid
5305,44,2024-01-15,2024-03-15,4538.57,Paid
5306,87,2024-02-24,2024-03-10,1662.19,Paid
5307,105,2025-06-07,2025-06-22,3141.05,Paid
5308,87,2024-04-28,2024-05-13,436.77,Paid
5309,46,2025-07-13,2025-07-28,2894.05,Paid
5310,98,2024-04-17,2024-05-02,3728.47,Overdue
5311,31,2025-07-16,2025-08-15,250.32,Paid
5312,83,2024-02-06,2024-03-07,3262.27,Open
5313,48,2025-05-22,2025-07-06,4196.3,Paid
5314,46,2025-05-09,2025-05-24,2521.46,Paid
5315,113,2025-12-24,2026-02-22,4097.04,Open
5316,70,2025-01-19,2025-03-05,2947.59,Overdue
5317,42,2024-06-07,2024-07-07,3757.98,Overdue
5318,23,2025-10-02,2025-12-01,2031.84,Paid
5319,12,2024-03-31,2024-05-30,5479.0,Open
5320,84,2024-01-15,2024-01-30,1698.31,Overdue
5321,31,2025-04-23,2025-05-08,2799.24,Open
5322,81,2025-07-11,2025-08-10,6689.4,Paid
5323,117,2025-04-18,2025-05-03,1882.27,Overdue
5324,89,2024-11-09,2025-01-08,8300.25,Paid
5325,58,2025-07-15,2025-07-30,5390.95,Paid
5326,61,2025-11-23,2025-12-23,7610.38,Paid
5327,8,2024-09-16,2024-10-16,669.53,Paid
5328,42,2025-05-03,2025-06-17,1829.34,Paid
5329,16,2024-04-01,2024-05-31,3189.72,Overdue
5330,57,2025-06-13,2025-06-28,3520.81,Overdue
5331,88,2025-06-02,2025-08-01,449.93,Paid
5332,48,2025-05-07,2025-07-06,1292.65,Paid
5333,116,2025-08-28,2025-10-27,1071.1,Paid
5334,8,2025-12-17,2026-01-16,2221.92,Paid
5335,70,2024-08-20,2024-10-04,828.8,Open
5336,66,2024-06-21,2024-07-21,2933.91,Paid
5337,81,2025-06-22,2025-08-21,1031.15,Open
5338,3,2025-03-27,2025-05-26,2382.08,Paid
5339,29,2024-04-16,2024-05-31,5242.76,Open
5340,11,2025-01-03,2025-02-02,2338.87,Overdue
5341,47,2024-12-03,2025-01-02,2660.44,Paid
5342,72,2024-01-10,2024-02-24,2012.41,Paid
5343,96,2024-08-26,2024-10-10,4594.94,Paid
5344,51,2025-02-18,2025-03-20,3700.32,Paid
5345,75,2025-06-16,2025-07-31,1998.65,Overdue
5346,7,2025-04-19,2025-05-04,3838.69,Open
5347,95,2024-08-09,2024-09-08,3700.73,Overdue
5348,92,2024-03-09,2024-03-24,4104.33,Overdue
5349,19,2024-09-17,2024-11-16,1862.21,Paid
5350,15,2024-03-11,2024-03-26,2293.78,Overdue
5351,21,2024-02-01,2024-03-02,4015.45,Paid
5352,53,2024-08-16,2024-09-30,3247.54,Paid
5353,43,2024-04-09,2024-05-24,9322.19,Paid
5354,23,2025-11-14,2026-01-13,2864.18,Overdue
5355,21,2024-01-24,2024-02-23,7484.0,Paid
5356,23,2025-05-25,2025-07-09,2070.87,Overdue
5357,29,2025-09-24,2025-11-23,1551.11,Paid
5358,87,2025-05-13,2025-06-27,2459.06,Open
5359,114,2025-01-22,2025-03-23,3235.6,Paid
5360,43,2024-05-19,2024-06-03,1985.03,Paid
5361,77,2025-09-21,2025-10-21,2292.56,Paid
5362,95,2025-02-26,2025-03-13,4659.24,Overdue
5363,51,2024-12-08,2025-01-07,6277.09,Paid
5364,39,2025-05-03,2025-05-18,3612.0,Overdue
5365,32,2025-10-11,2025-10-26,685.48,Paid
5366,77,2025-12-18,2026-01-02,6014.46,Paid
5367,16,2025-04-14,2025-05-29,3795.17,Paid
5368,82,2024-06-19,2024-08-18,3090.5,Open
5369,79,2024-02-14,2024-02-29,1369.05,Paid
5370,38,2024-12-02,2025-01-16,2137.99,Paid
5371,3,2024-02-09,2024-02-24,6859.84,Overdue
5372,45,2024-08-10,2024-09-24,9609.71,Open
5373,1,2024-11-07,2024-12-07,2861.4,Open
5374,117,2024-06-08,2024-08-07,1479.26,Paid
5375,80,2025-09-30,2025-10-30,2052.37,Open
5376,27,2024-07-27,2024-09-10,1554.06,Open
5377,88,2025-08-27,2025-09-11,2648.3,Open
5378,56,2025-01-24,2025-03-25,1649.69,Overdue
5379,3,2025-05-29,2025-07-13,4345.7,Overdue
5380,36,2024-11-15,2024-12-15,3778.09,Paid
5381,56,2024-02-01,2024-02-16,1081.62,Overdue
5382,27,2025-10-14,2025-12-13,1850.55,Paid
5383,5,2024-12-12,2025-01-11,123.85,Paid
5384,103,2025-11-26,2026-01-10,2257.71,Paid
5385,32,2024-06-25,2024-07-10,3224.61,Paid
5386,107,2024-11-11,2024-12-26,2220.92,Paid
5387,8,2024-02-29,2024-04-29,2348.01,Paid
5388,16,2025-02-09,2025-03-26,1782.85,Paid
5389,66,2025-06-15,2025-08-14,3570.42,Open
5390,65,2025-12-10,2025-12-25,3146.28,Paid
5391,42,2025-05-17,2025-07-01,4949.71,Paid
5392,3,2025-01-18,2025-02-17,1554.42,Paid
5393,73,2025-11-19,2025-12-19,1657.55,Paid
5394,4,2025-04-21,2025-05-06,7455.88,Paid
5395,67,2025-01-22,2025-02-21,3537.48,Open
5396,53,2025-01-22,2025-03-08,3003.44,Overdue
5397,62,2025-11-02,2025-12-17,1440.11,Paid
5398,1,2025-01-15,2025-03-16,797.0,Open
5399,97,2024-04-19,2024-05-04,1660.25,Paid
5400,46,2025-08-18,2025-09-02,2046.14,Overdue
5401,108,2025-05-09,2025-05-24,6095.32,Open
5402,113,2025-08-28,2025-10-27,1078.91,Paid
5403,33,2024-01-31,2024-03-31,4166.28,Paid
5404,23,2025-07-23,2025-08-22,4243.73,Paid
5405,72,2024-01-09,2024-03-09,2418.02,Paid
5406,61,2025-11-14,2025-11-29,2154.72,Paid
5407,50,2024-02-20,2024-03-21,1370.94,Paid
5408,46,2025-04-26,2025-05-26,1699.73,Paid
5409,109,2025-06-18,2025-07-03,1751.44,Paid
5410,36,2025-12-07,2026-01-21,2851.82,Paid
5411,81,2025-08-29,2025-10-13,3090.04,Paid
5412,107,2024-12-28,2025-01-27,3059.41,Paid
5413,87,2025-06-05,2025-07-20,1579.96,Paid
5414,114,2024-04-30,2024-06-14,4060.58,Paid
5415,67,2025-06-17,2025-08-01,3185.73,Open
5416,108,2025-12-09,2026-01-08,1725.19,Paid
5417,7,2025-08-01,2025-09-15,577.38,Open
5418,18,2025-10-04,2025-11-03,5178.25,Paid
5419,92,2024-12-11,2025-01-25,2848.28,Open
5420,81,2024-05-25,2024-07-24,1309.77,Open
5421,41,2024-07-13,2024-09-11,1915.15,Open
5422,24,2025-11-15,2025-12-30,7985.25,Paid
5423,70,2024-11-18,2024-12-18,1472.23,Paid
5424,67,2024-03-11,2024-05-10,4913.8,Overdue
5425,26,2024-10-02,2024-12-01,6084.36,Paid
5426,27,2024-10-21,2024-11-05,3055.22,Paid
5427,7,2025-08-17,2025-09-16,2132.9,Paid
5428,48,2024-04-30,2024-05-30,1065.91,Paid
5429,90,2025-07-11,2025-08-10,1934.84,Paid
5430,76,2025-07-12,2025-08-11,1262.8,Paid
5431,120,2025-11-13,2025-12-28,2509.72,Paid
5432,95,2024-07-26,2024-08-25,1343.01,Overdue
5433,78,2025-09-29,2025-11-13,2314.17,Paid
5434,12,2024-02-28,2024-03-29,2874.05,Paid
5435,104,2025-07-13,2025-08-27,3523.56,Overdue
5436,67,2024-07-17,2024-09-15,4764.3,Paid
5437,99,2025-02-23,2025-03-10,1066.32,Overdue
5438,15,2024-03-05,2024-04-19,3574.92,Paid
5439,15,2025-03-17,2025-04-01,7164.51,Paid
5440,56,2024-01-18,2024-03-03,2656.55,Overdue
5441,73,2024-02-27,2024-04-27,768.16,Paid
5442,61,2024-02-22,2024-04-22,2320.1,Overdue
5443,56,2025-07-28,2025-08-27,1360.81,Paid
5444,52,2025-12-22,2026-02-20,3569.06,Open
5445,28,2025-09-22,2025-11-06,1358.9,Open
5446,104,2025-07-17,2025-08-31,1118.69,Paid
5447,115,2025-11-01,2025-12-31,2608.99,Paid
5448,86,2024-04-10,2024-05-25,6337.84,Overdue
5449,48,2024-06-23,2024-08-07,1536.69,Paid
5450,11,2024-11-06,2024-12-06,3930.26,Paid
5451,106,2024-08-31,2024-10-30,3772.64,Overdue
5452,46,2025-03-04,2025-04-18,3986.42,Paid
5453,7,2024-01-22,2024-03-07,3673.09,Overdue
5454,88,2025-05-10,2025-06-09,2071.68,Paid
5455,11,2024-04-17,2024-06-16,2622.7,Open
5456,1,2024-08-24,2024-10-08,1034.01,Paid
5457,15,2025-01-17,2025-02-01,1438.59,Open
5458,11,2024-02-18,2024-04-18,2132.54,Paid
5459,40,2024-10-24,2024-12-23,4662.99,Paid
5460,112,2024-04-17,2024-05-02,1863.82,Overdue
5461,53,2024-08-31,2024-10-30,3205.4,Paid
5462,7,2024-10-31,2024-12-15,5310.89,Open
5463,13,2025-09-20,2025-10-05,2673.68,Paid
5464,11,2024-08-19,2024-10-03,3708.62,Open
5465,54,2024-07-19,2024-09-02,4534.7,Overdue
5466,66,2024-03-22,2024-04-06,4574.68,Paid
5467,106,2024-10-25,2024-11-09,3059.54,Paid
5468,49,2025-12-26,2026-01-25,1291.87,Open
5469,37,2025-06-11,2025-07-26,3220.16,Paid
5470,45,2024-12-10,2025-02-08,5821.17,Open
5471,97,2024-12-12,2025-02-10,5299.08,Overdue
5472,5,2025-09-16,2025-11-15,714.85,Overdue
5473,22,2024-11-20,2025-01-19,3733.5,Overdue
5474,50,2024-09-16,2024-11-15,1836.09,Open
5475,51,2025-09-05,2025-10-20,6736.42,Paid
5476,102,2025-11-18,2026-01-17,4436.4,Paid
5477,52,2025-05-13,2025-07-12,1251.56,Paid
5478,118,2025-12-12,2026-02-10,2066.37,Paid
5479,22,2025-08-04,2025-10-03,5701.6,Paid
5480,12,2025-03-11,2025-03-26,664.23,Open
5481,65,2024-02-14,2024-03-15,1521.11,Paid
5482,57,2025-03-08,2025-04-07,3458.96,Paid
5483,27,2025-05-08,2025-07-07,2977.86,Open
5484,31,2024-12-29,2025-02-12,1016.31,Open
5485,117,2025-01-15,2025-03-16,3996.25,Paid
5486,28,2025-11-06,2026-01-05,1044.13,Overdue
5487,34,2025-12-11,2026-02-09,1221.03,Overdue
5488,105,2024-12-23,2025-02-06,3198.49,Open
5489,108,2025-01-03,2025-02-17,882.45,Overdue
5490,90,2024-09-26,2024-11-10,1599.28,Paid
5491,83,2025-10-26,2025-11-25,2896.94,Paid
5492,26,2024-11-14,2024-11-29,4440.14,Paid
5493,48,2024-09-17,2024-11-01,3230.04,Paid
5494,61,2025-07-13,2025-09-11,3601.86,Paid
5495,39,2024-06-30,2024-08-29,2174.77,Open
5496,86,2025-05-15,2025-06-14,6288.51,Paid
5497,72,2024-12-13,2025-01-27,4791.46,Open
5498,55,2025-11-19,2025-12-04,2677.06,Open
5499,79,2024-06-08,2024-07-23,1163.95,Paid
5500,117,2025-05-01,2025-05-16,6178.0,Paid
